/*M!999999\- enable the sandbox mode */ 
-- MariaDB dump 10.19  Distrib 10.6.27-MariaDB, for Linux (x86_64)
--
-- Host: localhost    Database: mxyajrbo_kamus
-- ------------------------------------------------------
-- Server version	10.6.27-MariaDB-cll-lve

/*!40101 SET @OLD_CHARACTER_SET_CLIENT=@@CHARACTER_SET_CLIENT */;
/*!40101 SET @OLD_CHARACTER_SET_RESULTS=@@CHARACTER_SET_RESULTS */;
/*!40101 SET @OLD_COLLATION_CONNECTION=@@COLLATION_CONNECTION */;
/*!40101 SET NAMES utf8mb4 */;
/*!40103 SET @OLD_TIME_ZONE=@@TIME_ZONE */;
/*!40103 SET TIME_ZONE='+00:00' */;
/*!40014 SET @OLD_UNIQUE_CHECKS=@@UNIQUE_CHECKS, UNIQUE_CHECKS=0 */;
/*!40014 SET @OLD_FOREIGN_KEY_CHECKS=@@FOREIGN_KEY_CHECKS, FOREIGN_KEY_CHECKS=0 */;
/*!40101 SET @OLD_SQL_MODE=@@SQL_MODE, SQL_MODE='NO_AUTO_VALUE_ON_ZERO' */;
/*!40111 SET @OLD_SQL_NOTES=@@SQL_NOTES, SQL_NOTES=0 */;

--
-- Table structure for table `categories`
--

DROP TABLE IF EXISTS `categories`;
/*!40101 SET @saved_cs_client     = @@character_set_client */;
/*!40101 SET character_set_client = utf8mb4 */;
CREATE TABLE `categories` (
  `category_id` int(11) NOT NULL AUTO_INCREMENT,
  `category_name` varchar(50) NOT NULL,
  PRIMARY KEY (`category_id`) USING BTREE,
  UNIQUE KEY `category_name` (`category_name`) USING BTREE
) ENGINE=InnoDB AUTO_INCREMENT=9 DEFAULT CHARSET=utf8mb4 COLLATE=utf8mb4_general_ci ROW_FORMAT=DYNAMIC;
/*!40101 SET character_set_client = @saved_cs_client */;

--
-- Dumping data for table `categories`
--

LOCK TABLES `categories` WRITE;
/*!40000 ALTER TABLE `categories` DISABLE KEYS */;
INSERT INTO `categories` VALUES (3,'Adjectives'),(4,'Adverbs'),(6,'Conjunctions'),(1,'Noun'),(5,'Prepositions'),(2,'Pronoun'),(7,'Verbs');
/*!40000 ALTER TABLE `categories` ENABLE KEYS */;
UNLOCK TABLES;

--
-- Table structure for table `subcategories`
--

DROP TABLE IF EXISTS `subcategories`;
/*!40101 SET @saved_cs_client     = @@character_set_client */;
/*!40101 SET character_set_client = utf8mb4 */;
CREATE TABLE `subcategories` (
  `subcategory_id` int(11) NOT NULL AUTO_INCREMENT,
  `category_id` int(11) NOT NULL,
  `subcategory_name` varchar(100) NOT NULL,
  PRIMARY KEY (`subcategory_id`) USING BTREE,
  KEY `category_id` (`category_id`) USING BTREE,
  CONSTRAINT `subcategories_ibfk_1` FOREIGN KEY (`category_id`) REFERENCES `categories` (`category_id`) ON DELETE CASCADE
) ENGINE=InnoDB AUTO_INCREMENT=3405 DEFAULT CHARSET=utf8mb4 COLLATE=utf8mb4_general_ci ROW_FORMAT=DYNAMIC;
/*!40101 SET character_set_client = @saved_cs_client */;

--
-- Dumping data for table `subcategories`
--

LOCK TABLES `subcategories` WRITE;
/*!40000 ALTER TABLE `subcategories` DISABLE KEYS */;
INSERT INTO `subcategories` VALUES (3,1,'Date and Time'),(6,1,'School'),(7,1,'School Subjects'),(9,1,'Maths'),(10,1,'Science'),(12,1,'Mineral and Resources'),(13,1,'Earth Science'),(14,1,'Astronomy'),(18,1,'Animal'),(20,1,'Human Body'),(21,1,'Health and Medicine'),(23,1,'House'),(24,1,'Family'),(25,1,'Dress'),(27,1,'Accessories and Apparel'),(29,1,'Food'),(30,1,'Agriculture'),(31,1,'Cities'),(33,1,'Shopping center'),(34,1,'Travel'),(36,1,'Transport'),(37,1,'Office'),(39,1,'Government'),(40,1,'Military'),(41,1,'Law'),(43,1,'Sports'),(44,1,'Arts'),(45,2,'Subject'),(46,2,'Possessive'),(47,2,'Reflexive'),(48,2,'Demonstrative'),(49,2,'Interrogative'),(50,2,'Relative'),(51,2,'Indefinite'),(53,3,'Antonym I'),(54,3,'Antonym II'),(55,3,'Adjectives I'),(56,4,'Adverbs of Place'),(57,4,'Adverb of Time'),(58,4,'Adverb of Frequency'),(59,4,'Adverbs of Degree'),(60,4,'Conjunctive Adverbs'),(61,4,'Commenting Adverbs'),(62,7,'Regular Verb I'),(63,7,'Regular Verb II'),(64,5,'Preposition of Place'),(65,5,'Preposition of Time'),(66,5,'Preposition of Movement'),(67,5,'Other'),(68,6,'Coordinative Conjunction'),(69,6,'Subordinative  Conjunction'),(70,6,'Correlative Conjunction'),(71,6,'Interrogative Conjunction'),(72,1,'Profesion'),(76,3,'Adjectives II'),(78,7,'Regular Verb III'),(79,7,'Irregular Verb'),(80,7,'Regular Verb IV');
/*!40000 ALTER TABLE `subcategories` ENABLE KEYS */;
UNLOCK TABLES;

--
-- Table structure for table `user_words`
--

DROP TABLE IF EXISTS `user_words`;
/*!40101 SET @saved_cs_client     = @@character_set_client */;
/*!40101 SET character_set_client = utf8mb4 */;
CREATE TABLE `user_words` (
  `user_id` int(11) NOT NULL,
  `word_id` int(11) NOT NULL,
  `status` enum('learning','memorized') DEFAULT 'learning',
  `memorized_at` timestamp NULL DEFAULT NULL,
  PRIMARY KEY (`user_id`,`word_id`) USING BTREE,
  KEY `word_id` (`word_id`) USING BTREE,
  CONSTRAINT `user_words_ibfk_1` FOREIGN KEY (`user_id`) REFERENCES `users` (`user_id`) ON DELETE CASCADE,
  CONSTRAINT `user_words_ibfk_2` FOREIGN KEY (`word_id`) REFERENCES `words` (`word_id`) ON DELETE CASCADE
) ENGINE=InnoDB DEFAULT CHARSET=utf8mb4 COLLATE=utf8mb4_general_ci ROW_FORMAT=DYNAMIC;
/*!40101 SET character_set_client = @saved_cs_client */;

--
-- Dumping data for table `user_words`
--

LOCK TABLES `user_words` WRITE;
/*!40000 ALTER TABLE `user_words` DISABLE KEYS */;
INSERT INTO `user_words` VALUES (3,1,'memorized','2026-05-03 00:34:14'),(3,6,'memorized','2026-05-03 00:34:15'),(3,12,'memorized','2026-05-03 00:34:16'),(3,84,'memorized','2026-05-03 00:35:04'),(3,1021,'learning','2026-05-03 00:34:00'),(3,1023,'learning','2026-05-03 00:34:01'),(3,1724,'memorized','2026-05-03 23:58:34'),(3,1725,'memorized','2026-05-04 00:03:03'),(3,1726,'memorized','2026-06-04 11:58:26'),(3,1727,'memorized','2026-05-04 00:03:04'),(3,2468,'memorized','2026-05-03 02:04:39'),(3,2469,'memorized','2026-05-03 02:04:36'),(3,2471,'memorized','2026-05-03 02:04:38'),(3,2473,'memorized','2026-05-03 02:04:43'),(3,2474,'memorized','2026-05-03 02:04:41'),(3,2475,'memorized','2026-05-03 02:04:48'),(4,364,'memorized','2026-05-03 02:31:03'),(4,366,'memorized','2026-05-03 02:31:04'),(4,1433,'memorized','2026-05-03 08:04:57'),(4,1434,'memorized','2026-05-03 08:04:56'),(4,1435,'memorized','2026-05-03 08:04:55'),(4,1436,'memorized','2026-05-03 08:04:53'),(4,1443,'memorized','2026-05-03 02:30:15'),(4,1444,'memorized','2026-05-03 02:30:14'),(4,1446,'memorized','2026-05-03 02:30:14'),(4,1901,'memorized','2026-05-03 08:05:01'),(4,1902,'memorized','2026-05-03 08:05:01'),(4,1903,'memorized','2026-05-03 08:05:00'),(4,1946,'memorized','2026-05-03 08:04:41'),(4,1947,'memorized','2026-05-03 08:04:40'),(4,1948,'memorized','2026-05-03 08:04:34'),(4,2899,'memorized','2026-05-03 08:23:52'),(4,2901,'memorized','2026-05-03 08:23:49'),(4,2903,'memorized','2026-05-03 08:23:50'),(6,1,'memorized','2026-05-31 02:27:20'),(6,2,'memorized','2026-05-31 02:27:20'),(6,3,'memorized','2026-05-31 02:27:21'),(6,4,'memorized','2026-05-31 02:27:22'),(6,5,'memorized','2026-05-31 02:27:22'),(6,6,'memorized','2026-05-31 02:27:23'),(6,7,'memorized','2026-05-31 02:27:23'),(6,8,'memorized','2026-05-31 02:27:24'),(6,9,'memorized','2026-05-31 02:27:25'),(6,10,'memorized','2026-05-31 02:27:25'),(6,11,'memorized','2026-05-31 02:27:26'),(6,12,'memorized','2026-05-31 02:27:26'),(6,13,'memorized','2026-05-31 02:27:28'),(6,14,'memorized','2026-05-31 02:27:31'),(6,15,'memorized','2026-05-31 02:27:32'),(6,17,'memorized','2026-05-31 02:27:34'),(6,18,'memorized','2026-05-31 02:27:34'),(6,19,'memorized','2026-05-31 02:27:35'),(6,20,'memorized','2026-05-31 02:27:36'),(6,21,'memorized','2026-05-31 02:27:37'),(6,22,'memorized','2026-05-31 02:27:38'),(6,24,'memorized','2026-05-31 02:27:39'),(6,25,'memorized','2026-05-31 02:27:40'),(6,28,'memorized','2026-05-31 02:27:43'),(6,29,'memorized','2026-05-31 02:27:44'),(6,30,'memorized','2026-05-31 02:27:45'),(6,31,'memorized','2026-06-24 08:22:49'),(6,32,'memorized','2026-05-31 02:27:47'),(6,33,'memorized','2026-05-31 02:27:54'),(6,34,'memorized','2026-05-31 02:27:56'),(6,35,'memorized','2026-05-31 02:27:57'),(6,36,'memorized','2026-05-31 02:27:58'),(6,40,'memorized','2026-06-24 08:22:56'),(6,41,'memorized','2026-05-31 02:28:03'),(6,44,'memorized','2026-05-31 02:28:06'),(6,45,'memorized','2026-06-24 08:23:05'),(6,46,'memorized','2026-05-31 02:28:08'),(6,48,'memorized','2026-05-31 02:28:10'),(6,49,'memorized','2026-05-31 02:28:11'),(6,50,'memorized','2026-06-22 02:02:47'),(6,52,'memorized','2026-06-22 02:02:15'),(6,53,'memorized','2026-06-11 10:17:27'),(6,54,'memorized','2026-06-11 10:17:29'),(6,55,'memorized','2026-06-11 10:17:30'),(6,56,'memorized','2026-06-22 02:02:28'),(6,57,'memorized','2026-06-22 02:02:16'),(6,58,'memorized','2026-06-22 02:02:18'),(6,59,'memorized','2026-06-22 02:02:20'),(6,60,'memorized','2026-06-22 02:02:22'),(6,61,'memorized','2026-06-22 02:02:23'),(6,63,'memorized','2026-06-22 02:02:30'),(6,64,'memorized','2026-06-22 02:02:31'),(6,65,'memorized','2026-06-22 02:02:34'),(6,66,'memorized','2026-06-12 10:01:09'),(6,67,'memorized','2026-06-12 10:01:10'),(6,68,'memorized','2026-06-12 10:01:16'),(6,71,'memorized','2026-06-12 10:01:59'),(6,73,'memorized','2026-06-12 10:01:18'),(6,74,'memorized','2026-06-12 10:01:18'),(6,76,'memorized','2026-06-12 10:01:20'),(6,77,'memorized','2026-06-12 10:01:20'),(6,78,'memorized','2026-06-12 10:01:21'),(6,81,'memorized','2026-06-12 10:01:23'),(6,84,'memorized','2026-06-12 10:01:28'),(6,86,'memorized','2026-06-12 10:01:27'),(6,89,'memorized','2026-06-12 10:01:30'),(6,90,'memorized','2026-06-12 10:01:31'),(6,91,'memorized','2026-06-12 10:01:32'),(6,92,'memorized','2026-06-12 10:01:34'),(6,93,'memorized','2026-06-12 10:01:34'),(6,94,'memorized','2026-06-12 10:01:36'),(6,95,'memorized','2026-06-12 10:01:37'),(6,96,'memorized','2026-06-12 10:01:40'),(6,97,'memorized','2026-06-12 10:01:41'),(6,98,'memorized','2026-06-12 10:01:42'),(6,100,'memorized','2026-06-12 10:01:48'),(6,103,'memorized','2026-06-12 10:01:50'),(6,104,'memorized','2026-06-12 10:01:52'),(6,105,'memorized','2026-06-12 10:01:53'),(6,106,'memorized','2026-06-22 02:02:35'),(6,107,'memorized','2026-06-22 02:02:37'),(6,108,'memorized','2026-06-22 02:02:38'),(6,109,'memorized','2026-06-22 02:02:39'),(6,110,'memorized','2026-06-22 02:02:41'),(6,111,'memorized','2026-06-22 02:02:41'),(6,112,'memorized','2026-06-22 02:02:43'),(6,113,'memorized','2026-06-22 02:02:44'),(6,121,'memorized','2026-06-11 10:14:12'),(6,137,'memorized','2026-06-11 10:14:20'),(6,138,'memorized','2026-06-11 10:14:21'),(6,139,'memorized','2026-06-11 10:14:21'),(6,140,'memorized','2026-06-11 10:14:22'),(6,141,'memorized','2026-06-11 10:14:23'),(6,142,'memorized','2026-06-11 10:14:24'),(6,143,'memorized','2026-06-11 10:14:25'),(6,150,'memorized','2026-06-11 10:14:28'),(6,166,'memorized','2026-06-11 10:14:34'),(6,167,'memorized','2026-06-11 10:14:35'),(6,172,'memorized','2026-06-11 10:14:37'),(6,173,'memorized','2026-06-11 10:14:38'),(6,176,'memorized','2026-06-11 10:14:39'),(6,184,'memorized','2026-06-11 10:14:46'),(6,191,'memorized','2026-06-12 10:03:37'),(6,192,'memorized','2026-06-12 10:03:38'),(6,193,'memorized','2026-06-12 10:03:39'),(6,194,'memorized','2026-06-12 10:03:40'),(6,195,'memorized','2026-06-12 10:03:41'),(6,197,'memorized','2026-06-12 10:03:42'),(6,201,'memorized','2026-06-12 10:03:44'),(6,202,'memorized','2026-06-12 10:03:45'),(6,203,'memorized','2026-06-12 10:03:48'),(6,204,'memorized','2026-06-12 10:03:46'),(6,205,'memorized','2026-06-12 10:03:49'),(6,207,'memorized','2026-06-12 10:03:51'),(6,208,'memorized','2026-06-12 10:03:51'),(6,210,'memorized','2026-06-12 10:03:53'),(6,211,'memorized','2026-06-12 10:03:54'),(6,212,'memorized','2026-06-12 10:03:56'),(6,213,'memorized','2026-06-12 10:03:57'),(6,215,'memorized','2026-06-12 10:03:58'),(6,216,'memorized','2026-06-12 10:03:59'),(6,217,'memorized','2026-06-12 10:04:00'),(6,218,'memorized','2026-06-12 10:04:01'),(6,219,'memorized','2026-06-12 10:04:03'),(6,220,'memorized','2026-06-12 10:04:04'),(6,223,'memorized','2026-06-12 10:04:05'),(6,226,'memorized','2026-06-12 10:04:09'),(6,236,'memorized','2026-06-11 10:15:24'),(6,237,'memorized','2026-06-11 10:15:22'),(6,239,'memorized','2026-06-11 10:15:25'),(6,241,'memorized','2026-06-11 10:15:27'),(6,242,'memorized','2026-06-11 10:15:27'),(6,245,'memorized','2026-06-11 10:15:31'),(6,246,'memorized','2026-06-11 10:15:33'),(6,250,'memorized','2026-06-11 10:15:35'),(6,255,'memorized','2026-06-11 10:15:40'),(6,256,'memorized','2026-06-11 10:15:41'),(6,257,'memorized','2026-06-11 10:15:42'),(6,258,'memorized','2026-06-11 10:15:42'),(6,259,'memorized','2026-06-11 10:15:43'),(6,262,'memorized','2026-06-11 10:15:44'),(6,265,'memorized','2026-06-01 06:13:38'),(6,266,'memorized','2026-06-01 06:12:44'),(6,267,'memorized','2026-06-01 06:12:45'),(6,268,'memorized','2026-06-01 06:12:46'),(6,269,'memorized','2026-06-24 08:23:57'),(6,270,'memorized','2026-06-01 06:13:36'),(6,272,'memorized','2026-06-01 06:13:39'),(6,273,'memorized','2026-06-01 06:13:40'),(6,274,'memorized','2026-06-01 06:13:41'),(6,275,'memorized','2026-06-01 06:13:42'),(6,276,'memorized','2026-06-01 06:13:42'),(6,277,'memorized','2026-06-01 06:13:43'),(6,278,'memorized','2026-06-01 06:13:44'),(6,279,'memorized','2026-06-01 06:13:46'),(6,280,'memorized','2026-06-01 06:13:47'),(6,281,'memorized','2026-06-01 06:13:48'),(6,282,'memorized','2026-06-01 06:13:49'),(6,284,'memorized','2026-06-01 06:13:50'),(6,285,'memorized','2026-06-24 08:24:03'),(6,286,'memorized','2026-06-24 08:24:04'),(6,290,'memorized','2026-06-01 06:13:55'),(6,291,'memorized','2026-06-01 06:13:56'),(6,292,'memorized','2026-06-01 06:13:57'),(6,293,'memorized','2026-06-24 08:24:08'),(6,294,'memorized','2026-06-01 06:13:59'),(6,295,'memorized','2026-06-01 06:14:01'),(6,296,'memorized','2026-06-24 08:24:10'),(6,297,'memorized','2026-06-24 08:24:11'),(6,299,'memorized','2026-06-24 08:24:13'),(6,300,'memorized','2026-06-24 08:24:14'),(6,301,'memorized','2026-06-24 08:24:15'),(6,304,'memorized','2026-06-01 06:14:12'),(6,306,'memorized','2026-06-01 06:14:09'),(6,308,'memorized','2026-06-01 06:14:13'),(6,310,'memorized','2026-06-01 06:14:17'),(6,311,'memorized','2026-06-24 08:24:36'),(6,313,'memorized','2026-06-01 06:14:21'),(6,315,'memorized','2026-06-01 06:14:23'),(6,317,'memorized','2026-06-01 06:14:28'),(6,320,'memorized','2026-06-24 08:24:45'),(6,321,'memorized','2026-06-24 08:24:46'),(6,322,'memorized','2026-06-24 08:24:48'),(6,324,'memorized','2026-06-01 06:14:31'),(6,325,'memorized','2026-06-01 06:14:34'),(6,328,'memorized','2026-06-01 06:14:38'),(6,329,'memorized','2026-06-24 08:24:55'),(6,331,'memorized','2026-06-01 06:14:39'),(6,332,'memorized','2026-06-01 06:14:40'),(6,334,'memorized','2026-06-01 06:14:41'),(6,338,'memorized','2026-06-01 06:14:45'),(6,340,'memorized','2026-06-01 06:14:47'),(6,341,'memorized','2026-06-01 06:14:49'),(6,343,'memorized','2026-06-01 06:14:51'),(6,347,'memorized','2026-06-24 08:25:10'),(6,349,'memorized','2026-06-24 08:25:13'),(6,353,'memorized','2026-06-01 06:14:58'),(6,354,'memorized','2026-06-01 06:15:02'),(6,355,'memorized','2026-06-24 08:25:17'),(6,361,'memorized','2026-06-01 06:15:04'),(6,362,'memorized','2026-06-01 06:15:05'),(6,363,'memorized','2026-06-01 06:15:06'),(6,364,'memorized','2026-05-31 02:25:11'),(6,365,'memorized','2026-05-31 02:25:12'),(6,366,'memorized','2026-05-31 02:25:13'),(6,367,'memorized','2026-05-31 02:25:14'),(6,368,'memorized','2026-05-31 02:25:15'),(6,369,'memorized','2026-05-31 02:25:15'),(6,370,'memorized','2026-05-31 02:25:16'),(6,371,'memorized','2026-05-31 02:25:17'),(6,372,'memorized','2026-05-31 02:25:18'),(6,373,'memorized','2026-05-31 02:25:18'),(6,374,'memorized','2026-05-31 02:25:19'),(6,375,'memorized','2026-05-31 02:25:20'),(6,376,'memorized','2026-05-31 02:25:21'),(6,377,'memorized','2026-05-31 02:25:22'),(6,378,'memorized','2026-05-31 02:25:22'),(6,379,'memorized','2026-05-31 02:25:24'),(6,380,'memorized','2026-05-31 02:26:30'),(6,381,'memorized','2026-05-31 02:25:27'),(6,382,'memorized','2026-05-31 02:25:28'),(6,383,'memorized','2026-05-31 02:25:42'),(6,384,'memorized','2026-05-31 02:25:31'),(6,385,'memorized','2026-05-31 02:25:34'),(6,386,'memorized','2026-05-31 02:25:35'),(6,387,'memorized','2026-05-31 02:25:39'),(6,388,'memorized','2026-05-31 02:25:40'),(6,389,'memorized','2026-06-12 10:04:27'),(6,390,'memorized','2026-06-12 10:04:32'),(6,391,'memorized','2026-06-12 10:04:29'),(6,392,'memorized','2026-06-12 10:04:32'),(6,394,'memorized','2026-06-12 10:04:34'),(6,397,'memorized','2026-06-12 10:04:37'),(6,398,'memorized','2026-06-12 10:04:39'),(6,401,'memorized','2026-06-12 10:04:41'),(6,405,'memorized','2026-06-12 10:04:44'),(6,406,'memorized','2026-06-12 10:04:45'),(6,407,'memorized','2026-06-12 10:04:45'),(6,408,'memorized','2026-06-12 10:04:46'),(6,410,'memorized','2026-06-12 10:04:48'),(6,411,'memorized','2026-06-12 10:04:52'),(6,412,'memorized','2026-06-12 10:04:49'),(6,413,'memorized','2026-06-12 10:04:50'),(6,414,'memorized','2026-06-12 10:04:51'),(6,415,'memorized','2026-06-12 10:04:53'),(6,421,'memorized','2026-06-12 10:04:56'),(6,424,'memorized','2026-05-22 14:36:45'),(6,425,'memorized','2026-05-22 14:36:46'),(6,426,'memorized','2026-05-22 14:36:47'),(6,427,'memorized','2026-05-22 14:36:48'),(6,428,'memorized','2026-05-22 14:36:49'),(6,429,'memorized','2026-05-22 14:36:50'),(6,430,'memorized','2026-05-22 14:36:50'),(6,431,'memorized','2026-05-22 14:36:51'),(6,432,'memorized','2026-05-22 14:36:52'),(6,433,'memorized','2026-06-20 12:29:30'),(6,434,'memorized','2026-05-22 14:36:55'),(6,436,'memorized','2026-06-20 12:29:32'),(6,437,'memorized','2026-06-20 12:29:33'),(6,438,'memorized','2026-05-22 14:36:58'),(6,439,'memorized','2026-05-22 14:36:59'),(6,440,'memorized','2026-05-22 14:37:00'),(6,441,'memorized','2026-06-20 12:29:34'),(6,442,'memorized','2026-06-20 12:29:35'),(6,443,'memorized','2026-05-22 14:37:03'),(6,444,'memorized','2026-05-22 14:37:04'),(6,445,'memorized','2026-06-20 12:29:37'),(6,446,'memorized','2026-05-31 02:23:42'),(6,447,'memorized','2026-05-22 14:37:07'),(6,448,'memorized','2026-05-22 14:37:08'),(6,449,'memorized','2026-05-22 14:37:08'),(6,450,'memorized','2026-05-22 14:37:09'),(6,451,'memorized','2026-05-22 14:37:10'),(6,452,'memorized','2026-05-22 14:37:11'),(6,453,'memorized','2026-06-20 12:29:38'),(6,454,'memorized','2026-05-22 14:37:13'),(6,455,'memorized','2026-05-22 14:37:14'),(6,456,'memorized','2026-05-22 14:37:15'),(6,457,'memorized','2026-05-22 14:37:17'),(6,458,'memorized','2026-05-22 14:37:18'),(6,459,'memorized','2026-05-22 14:37:18'),(6,460,'memorized','2026-06-20 12:29:40'),(6,461,'memorized','2026-05-22 14:37:19'),(6,462,'memorized','2026-05-22 14:37:20'),(6,463,'memorized','2026-05-22 14:37:21'),(6,464,'memorized','2026-05-22 14:37:22'),(6,465,'memorized','2026-05-22 14:37:23'),(6,466,'memorized','2026-05-22 14:37:23'),(6,467,'memorized','2026-05-22 14:37:25'),(6,468,'memorized','2026-06-20 12:30:40'),(6,469,'memorized','2026-05-22 14:37:28'),(6,470,'memorized','2026-05-22 14:37:29'),(6,471,'memorized','2026-06-20 12:29:44'),(6,472,'memorized','2026-05-22 14:37:31'),(6,473,'memorized','2026-06-20 12:29:45'),(6,474,'memorized','2026-05-22 14:37:34'),(6,475,'memorized','2026-06-20 12:30:39'),(6,476,'memorized','2026-06-20 12:30:38'),(6,477,'memorized','2026-05-22 14:37:36'),(6,478,'memorized','2026-05-22 14:37:38'),(6,479,'memorized','2026-05-22 14:37:39'),(6,480,'memorized','2026-05-22 14:37:40'),(6,481,'memorized','2026-06-20 12:30:36'),(6,482,'memorized','2026-06-20 12:29:52'),(6,483,'memorized','2026-06-20 12:29:53'),(6,484,'memorized','2026-06-20 12:30:34'),(6,485,'memorized','2026-05-22 14:37:47'),(6,486,'memorized','2026-05-22 14:37:48'),(6,487,'memorized','2026-06-20 12:30:32'),(6,488,'memorized','2026-06-20 12:29:57'),(6,490,'memorized','2026-06-20 12:30:01'),(6,491,'memorized','2026-06-20 12:30:04'),(6,493,'memorized','2026-06-24 08:21:39'),(6,494,'memorized','2026-06-20 12:30:07'),(6,496,'memorized','2026-06-20 12:30:09'),(6,497,'memorized','2026-05-31 02:23:53'),(6,498,'memorized','2026-06-20 12:30:11'),(6,499,'memorized','2026-06-20 12:30:13'),(6,500,'memorized','2026-06-20 12:30:15'),(6,501,'memorized','2026-05-31 02:23:56'),(6,503,'memorized','2026-06-20 12:30:19'),(6,504,'memorized','2026-05-31 02:23:58'),(6,505,'memorized','2026-05-31 02:24:01'),(6,507,'memorized','2026-05-31 02:24:02'),(6,508,'memorized','2026-05-31 02:24:04'),(6,510,'memorized','2026-05-31 02:24:05'),(6,511,'memorized','2026-05-31 02:24:05'),(6,512,'memorized','2026-05-31 02:24:06'),(6,513,'memorized','2026-05-31 02:24:08'),(6,514,'memorized','2026-05-31 02:24:09'),(6,515,'memorized','2026-06-20 12:30:20'),(6,516,'memorized','2026-06-20 12:30:46'),(6,517,'memorized','2026-05-31 02:24:13'),(6,518,'memorized','2026-06-20 12:30:23'),(6,519,'memorized','2026-05-31 02:24:17'),(6,520,'memorized','2026-06-20 12:30:49'),(6,521,'memorized','2026-05-31 02:24:18'),(6,522,'memorized','2026-05-31 02:24:19'),(6,524,'memorized','2026-05-31 02:24:21'),(6,526,'memorized','2026-05-31 02:24:29'),(6,527,'memorized','2026-06-20 12:30:28'),(6,528,'memorized','2026-05-31 02:24:26'),(6,529,'memorized','2026-05-31 02:24:25'),(6,530,'memorized','2026-06-02 12:03:18'),(6,531,'memorized','2026-06-02 12:03:19'),(6,534,'memorized','2026-06-02 12:03:20'),(6,535,'memorized','2026-06-02 12:03:21'),(6,536,'memorized','2026-06-02 12:03:23'),(6,537,'memorized','2026-06-02 12:03:24'),(6,539,'memorized','2026-06-02 12:03:26'),(6,540,'memorized','2026-06-02 12:03:27'),(6,541,'memorized','2026-06-02 12:03:28'),(6,542,'memorized','2026-06-02 12:03:29'),(6,543,'memorized','2026-06-02 12:03:31'),(6,544,'memorized','2026-06-02 12:03:32'),(6,546,'memorized','2026-06-02 12:03:34'),(6,549,'memorized','2026-06-02 12:03:35'),(6,550,'memorized','2026-06-02 12:03:36'),(6,551,'memorized','2026-06-02 12:03:37'),(6,552,'memorized','2026-06-02 12:03:38'),(6,553,'memorized','2026-06-02 12:03:39'),(6,558,'memorized','2026-06-22 02:01:29'),(6,561,'memorized','2026-06-02 12:03:47'),(6,566,'memorized','2026-06-22 02:01:39'),(6,568,'memorized','2026-06-22 02:01:40'),(6,569,'memorized','2026-06-02 12:03:54'),(6,570,'memorized','2026-06-02 12:03:55'),(6,571,'memorized','2026-06-02 12:03:56'),(6,572,'memorized','2026-06-02 12:03:58'),(6,580,'memorized','2026-06-22 02:01:54'),(6,584,'memorized','2026-06-22 02:01:50'),(6,587,'memorized','2026-06-22 02:01:51'),(6,588,'memorized','2026-06-02 12:04:09'),(6,590,'memorized','2026-06-22 02:01:53'),(6,594,'memorized','2026-06-02 12:04:15'),(6,595,'memorized','2026-06-02 12:04:17'),(6,597,'memorized','2026-06-02 12:04:19'),(6,598,'memorized','2026-06-02 12:04:20'),(6,599,'memorized','2026-06-22 02:01:59'),(6,600,'memorized','2026-06-02 12:04:21'),(6,601,'memorized','2026-06-22 02:02:00'),(6,602,'memorized','2026-06-02 12:04:24'),(6,604,'memorized','2026-06-22 02:02:05'),(6,605,'memorized','2026-06-22 02:02:06'),(6,606,'memorized','2026-06-02 12:04:30'),(6,607,'memorized','2026-06-22 02:02:07'),(6,608,'memorized','2026-06-02 03:24:34'),(6,609,'memorized','2026-06-02 03:24:31'),(6,610,'memorized','2026-06-02 03:24:33'),(6,611,'memorized','2026-06-20 12:33:02'),(6,612,'memorized','2026-06-20 12:33:04'),(6,613,'memorized','2026-06-20 12:33:06'),(6,615,'memorized','2026-06-20 12:33:11'),(6,617,'memorized','2026-06-20 12:33:13'),(6,618,'memorized','2026-06-20 12:33:16'),(6,620,'memorized','2026-06-02 03:24:41'),(6,621,'memorized','2026-06-02 03:24:43'),(6,622,'memorized','2026-06-20 12:33:21'),(6,624,'memorized','2026-06-20 12:33:24'),(6,625,'memorized','2026-06-20 12:33:26'),(6,626,'memorized','2026-06-02 03:25:00'),(6,629,'memorized','2026-06-20 12:33:34'),(6,630,'memorized','2026-06-20 12:33:37'),(6,631,'memorized','2026-06-02 03:25:19'),(6,632,'memorized','2026-06-02 03:25:20'),(6,635,'memorized','2026-06-02 03:26:13'),(6,636,'memorized','2026-06-20 12:33:43'),(6,637,'memorized','2026-06-20 12:33:49'),(6,638,'memorized','2026-06-20 12:34:19'),(6,640,'memorized','2026-06-20 12:34:25'),(6,643,'memorized','2026-06-20 12:34:29'),(6,644,'memorized','2026-06-20 12:34:33'),(6,646,'memorized','2026-06-20 12:34:37'),(6,647,'memorized','2026-06-24 08:27:55'),(6,648,'memorized','2026-06-20 12:34:40'),(6,649,'memorized','2026-06-20 12:34:43'),(6,650,'memorized','2026-06-20 12:34:50'),(6,652,'memorized','2026-06-20 12:34:52'),(6,653,'memorized','2026-06-20 12:35:00'),(6,654,'memorized','2026-06-20 12:35:07'),(6,655,'memorized','2026-06-20 12:35:06'),(6,656,'memorized','2026-06-20 12:35:10'),(6,657,'memorized','2026-06-20 12:35:12'),(6,658,'memorized','2026-06-20 12:35:15'),(6,660,'memorized','2026-06-02 12:00:54'),(6,661,'memorized','2026-06-22 01:58:40'),(6,662,'memorized','2026-06-02 12:00:58'),(6,663,'memorized','2026-06-02 12:00:59'),(6,664,'memorized','2026-06-02 12:01:00'),(6,666,'memorized','2026-06-02 12:01:02'),(6,668,'memorized','2026-06-02 12:01:04'),(6,671,'memorized','2026-06-22 01:58:47'),(6,674,'memorized','2026-06-02 12:01:18'),(6,676,'memorized','2026-06-02 12:01:20'),(6,677,'memorized','2026-06-02 12:01:21'),(6,678,'memorized','2026-06-02 12:01:23'),(6,680,'memorized','2026-06-22 01:58:55'),(6,681,'memorized','2026-06-22 01:58:57'),(6,682,'memorized','2026-06-02 12:01:27'),(6,684,'memorized','2026-06-22 01:59:03'),(6,685,'memorized','2026-06-02 12:01:30'),(6,686,'memorized','2026-06-02 12:01:31'),(6,687,'memorized','2026-06-02 12:01:32'),(6,688,'memorized','2026-06-02 12:01:32'),(6,689,'memorized','2026-06-02 12:01:34'),(6,690,'memorized','2026-06-22 01:59:06'),(6,692,'memorized','2026-06-22 01:59:08'),(6,693,'memorized','2026-06-22 01:59:13'),(6,694,'memorized','2026-06-02 12:01:38'),(6,695,'memorized','2026-06-02 12:01:39'),(6,696,'memorized','2026-06-02 12:01:40'),(6,697,'memorized','2026-06-02 12:01:41'),(6,699,'memorized','2026-06-22 01:59:16'),(6,700,'memorized','2026-06-02 12:01:44'),(6,701,'memorized','2026-06-02 12:01:46'),(6,702,'memorized','2026-06-02 12:01:47'),(6,703,'memorized','2026-06-22 01:59:17'),(6,704,'memorized','2026-06-02 12:01:50'),(6,705,'memorized','2026-06-02 12:01:51'),(6,708,'memorized','2026-06-02 12:01:53'),(6,709,'memorized','2026-06-22 01:59:21'),(6,710,'memorized','2026-06-02 12:01:55'),(6,712,'memorized','2026-06-02 12:01:56'),(6,713,'memorized','2026-06-02 12:01:57'),(6,716,'memorized','2026-06-02 12:02:02'),(6,717,'memorized','2026-06-02 12:02:05'),(6,719,'memorized','2026-06-22 01:59:30'),(6,721,'memorized','2026-06-22 01:59:32'),(6,723,'memorized','2026-06-02 12:02:14'),(6,724,'memorized','2026-06-22 01:59:35'),(6,725,'memorized','2026-06-02 12:02:17'),(6,726,'memorized','2026-06-02 12:02:18'),(6,727,'memorized','2026-06-02 12:02:19'),(6,728,'memorized','2026-06-02 12:02:20'),(6,729,'memorized','2026-06-02 12:02:21'),(6,730,'memorized','2026-06-02 12:02:29'),(6,734,'memorized','2026-06-02 12:02:32'),(6,735,'memorized','2026-06-02 12:02:40'),(6,736,'memorized','2026-06-22 01:59:39'),(6,737,'memorized','2026-06-22 01:59:38'),(6,738,'memorized','2026-06-02 12:02:36'),(6,740,'memorized','2026-06-22 01:59:41'),(6,741,'memorized','2026-06-02 12:02:43'),(6,742,'memorized','2026-06-22 01:59:43'),(6,743,'memorized','2026-06-22 01:59:44'),(6,745,'memorized','2026-06-02 12:02:47'),(6,748,'memorized','2026-06-02 12:02:53'),(6,749,'memorized','2026-06-02 12:02:55'),(6,750,'memorized','2026-06-02 12:02:54'),(6,751,'memorized','2026-06-22 01:59:50'),(6,752,'memorized','2026-06-02 12:02:57'),(6,756,'memorized','2026-06-02 12:03:01'),(6,760,'memorized','2026-06-02 12:03:07'),(6,761,'memorized','2026-06-02 12:03:08'),(6,763,'memorized','2026-06-02 12:03:11'),(6,764,'memorized','2026-06-01 06:15:14'),(6,765,'memorized','2026-06-01 06:15:14'),(6,766,'memorized','2026-06-01 06:15:15'),(6,767,'memorized','2026-06-01 06:15:16'),(6,768,'memorized','2026-06-01 06:15:16'),(6,769,'memorized','2026-06-01 06:15:18'),(6,770,'memorized','2026-06-01 06:15:20'),(6,771,'memorized','2026-06-01 06:15:21'),(6,772,'memorized','2026-06-20 12:31:28'),(6,775,'memorized','2026-06-01 06:15:25'),(6,776,'memorized','2026-06-01 06:15:25'),(6,777,'memorized','2026-06-24 08:25:52'),(6,778,'memorized','2026-06-24 08:25:53'),(6,779,'memorized','2026-06-20 12:31:36'),(6,780,'memorized','2026-06-20 12:31:49'),(6,781,'memorized','2026-06-20 12:31:59'),(6,786,'memorized','2026-06-01 06:16:35'),(6,787,'memorized','2026-06-01 06:16:32'),(6,788,'memorized','2026-06-01 06:16:34'),(6,789,'memorized','2026-06-24 08:26:00'),(6,790,'memorized','2026-06-01 06:16:37'),(6,792,'memorized','2026-06-01 06:16:56'),(6,795,'memorized','2026-06-01 06:16:43'),(6,796,'memorized','2026-06-01 06:16:41'),(6,797,'memorized','2026-06-01 06:16:42'),(6,798,'memorized','2026-06-01 06:16:44'),(6,799,'memorized','2026-06-01 06:16:45'),(6,800,'memorized','2026-06-01 06:16:46'),(6,803,'memorized','2026-06-01 06:16:48'),(6,804,'memorized','2026-06-01 06:16:50'),(6,805,'memorized','2026-06-01 06:16:52'),(6,806,'memorized','2026-06-01 06:16:53'),(6,807,'memorized','2026-06-01 06:11:45'),(6,808,'memorized','2026-06-01 06:11:44'),(6,809,'memorized','2026-06-01 06:11:47'),(6,810,'memorized','2026-06-01 06:11:48'),(6,811,'memorized','2026-06-01 06:11:49'),(6,813,'memorized','2026-06-01 06:11:55'),(6,814,'memorized','2026-06-24 08:23:13'),(6,815,'memorized','2026-06-01 06:12:03'),(6,817,'memorized','2026-06-01 06:12:05'),(6,818,'memorized','2026-06-01 06:12:06'),(6,819,'memorized','2026-06-01 06:12:08'),(6,820,'memorized','2026-06-01 06:12:09'),(6,821,'memorized','2026-06-01 06:12:10'),(6,824,'memorized','2026-06-24 08:23:29'),(6,827,'memorized','2026-06-01 06:12:15'),(6,829,'memorized','2026-06-24 08:23:40'),(6,831,'memorized','2026-06-01 06:12:17'),(6,833,'memorized','2026-06-01 06:12:20'),(6,835,'memorized','2026-06-01 06:12:19'),(6,840,'memorized','2026-05-22 14:34:41'),(6,841,'memorized','2026-05-22 14:34:41'),(6,843,'memorized','2026-05-22 14:34:44'),(6,844,'memorized','2026-05-22 14:34:45'),(6,845,'memorized','2026-05-22 14:34:47'),(6,846,'memorized','2026-05-22 14:34:48'),(6,847,'memorized','2026-05-22 14:34:48'),(6,848,'memorized','2026-05-22 14:34:49'),(6,849,'memorized','2026-05-22 14:34:50'),(6,850,'memorized','2026-06-24 08:20:46'),(6,852,'memorized','2026-05-22 14:34:55'),(6,853,'memorized','2026-05-22 14:34:56'),(6,854,'memorized','2026-05-22 14:34:57'),(6,856,'memorized','2026-05-22 14:35:01'),(6,857,'memorized','2026-05-22 14:35:00'),(6,858,'memorized','2026-06-24 08:20:50'),(6,859,'memorized','2026-05-22 14:35:03'),(6,860,'memorized','2026-05-22 14:35:04'),(6,861,'memorized','2026-05-22 14:35:07'),(6,862,'memorized','2026-05-22 14:35:08'),(6,864,'memorized','2026-06-24 08:20:53'),(6,865,'memorized','2026-05-22 14:35:11'),(6,866,'memorized','2026-05-22 14:35:12'),(6,870,'memorized','2026-05-22 14:35:15'),(6,872,'memorized','2026-05-22 14:35:17'),(6,873,'memorized','2026-05-22 14:35:18'),(6,874,'memorized','2026-05-22 14:35:19'),(6,875,'memorized','2026-05-22 14:35:21'),(6,878,'memorized','2026-05-22 14:35:23'),(6,879,'memorized','2026-05-22 14:35:25'),(6,880,'memorized','2026-05-22 14:35:26'),(6,881,'memorized','2026-05-22 14:35:27'),(6,882,'memorized','2026-06-24 08:21:06'),(6,883,'memorized','2026-05-22 14:35:29'),(6,885,'memorized','2026-05-22 14:35:31'),(6,886,'memorized','2026-05-22 14:35:33'),(6,887,'memorized','2026-05-22 14:35:35'),(6,888,'memorized','2026-05-22 14:35:36'),(6,889,'memorized','2026-06-24 08:21:12'),(6,890,'memorized','2026-05-22 14:35:39'),(6,891,'memorized','2026-05-22 14:35:41'),(6,893,'memorized','2026-05-22 14:35:42'),(6,894,'memorized','2026-06-01 06:19:02'),(6,895,'memorized','2026-06-24 08:26:49'),(6,897,'memorized','2026-06-01 06:18:59'),(6,898,'memorized','2026-06-01 06:17:34'),(6,900,'memorized','2026-06-22 02:00:19'),(6,901,'memorized','2026-06-24 08:26:13'),(6,902,'memorized','2026-06-01 06:17:36'),(6,903,'memorized','2026-06-01 06:17:37'),(6,904,'memorized','2026-06-01 06:17:38'),(6,905,'memorized','2026-06-01 06:17:39'),(6,911,'memorized','2026-06-01 06:18:51'),(6,912,'memorized','2026-06-01 06:17:44'),(6,913,'memorized','2026-06-01 06:17:44'),(6,914,'memorized','2026-06-22 02:00:26'),(6,917,'memorized','2026-06-01 06:17:48'),(6,919,'memorized','2026-06-22 02:00:31'),(6,920,'memorized','2026-06-01 06:17:50'),(6,921,'memorized','2026-06-01 06:17:51'),(6,922,'memorized','2026-06-01 06:17:52'),(6,923,'memorized','2026-06-01 06:17:52'),(6,924,'memorized','2026-06-01 06:17:53'),(6,925,'memorized','2026-06-01 06:17:54'),(6,926,'memorized','2026-06-22 02:00:32'),(6,927,'memorized','2026-06-01 06:17:55'),(6,928,'memorized','2026-06-22 02:00:33'),(6,929,'memorized','2026-06-01 06:17:57'),(6,930,'memorized','2026-06-01 06:17:58'),(6,932,'memorized','2026-06-01 06:18:45'),(6,933,'memorized','2026-06-01 06:17:59'),(6,934,'memorized','2026-06-01 06:18:00'),(6,935,'memorized','2026-06-22 02:00:35'),(6,937,'memorized','2026-06-01 06:18:46'),(6,938,'memorized','2026-06-01 06:18:42'),(6,939,'memorized','2026-06-01 06:18:09'),(6,940,'memorized','2026-06-22 02:00:40'),(6,941,'memorized','2026-06-01 06:18:08'),(6,942,'memorized','2026-06-22 02:00:43'),(6,944,'memorized','2026-06-01 06:18:38'),(6,950,'memorized','2026-06-24 08:26:39'),(6,951,'memorized','2026-06-01 06:18:12'),(6,952,'memorized','2026-06-22 02:00:53'),(6,954,'memorized','2026-06-01 06:18:15'),(6,955,'memorized','2026-06-01 06:18:16'),(6,956,'memorized','2026-06-01 06:18:18'),(6,957,'memorized','2026-06-01 06:18:17'),(6,958,'memorized','2026-06-22 02:00:55'),(6,959,'memorized','2026-06-22 02:00:56'),(6,960,'memorized','2026-06-01 06:18:21'),(6,962,'memorized','2026-06-01 06:18:23'),(6,963,'memorized','2026-06-01 06:18:24'),(6,964,'memorized','2026-06-01 06:18:25'),(6,965,'memorized','2026-06-01 06:18:26'),(6,966,'memorized','2026-06-01 06:18:27'),(6,968,'memorized','2026-06-01 06:18:28'),(6,969,'memorized','2026-06-01 06:18:29'),(6,970,'memorized','2026-06-01 06:18:30'),(6,971,'memorized','2026-05-31 02:23:30'),(6,972,'memorized','2026-05-31 02:23:31'),(6,978,'memorized','2026-06-24 08:21:27'),(6,979,'memorized','2026-05-31 02:23:24'),(6,980,'memorized','2026-05-31 02:23:21'),(6,982,'memorized','2026-05-16 04:26:17'),(6,983,'memorized','2026-05-16 04:26:16'),(6,984,'memorized','2026-05-16 04:26:27'),(6,986,'memorized','2026-06-24 08:22:19'),(6,988,'memorized','2026-05-31 02:26:41'),(6,989,'memorized','2026-05-31 02:26:42'),(6,991,'memorized','2026-05-16 04:26:34'),(6,992,'memorized','2026-05-31 02:26:43'),(6,993,'memorized','2026-05-16 04:26:32'),(6,994,'memorized','2026-05-16 04:26:39'),(6,995,'memorized','2026-05-31 02:26:45'),(6,999,'memorized','2026-05-16 04:26:42'),(6,1000,'memorized','2026-05-16 04:26:41'),(6,1001,'memorized','2026-05-31 02:26:47'),(6,1002,'memorized','2026-05-31 02:26:47'),(6,1003,'memorized','2026-05-31 02:26:49'),(6,1004,'memorized','2026-05-31 02:26:50'),(6,1005,'memorized','2026-05-31 02:26:52'),(6,1006,'memorized','2026-05-31 02:26:53'),(6,1007,'memorized','2026-05-31 02:26:54'),(6,1008,'memorized','2026-05-31 02:26:55'),(6,1009,'memorized','2026-05-31 02:26:57'),(6,1010,'memorized','2026-05-31 02:27:01'),(6,1011,'memorized','2026-05-31 02:26:59'),(6,1013,'memorized','2026-05-31 02:27:03'),(6,1014,'memorized','2026-05-31 02:27:04'),(6,1015,'memorized','2026-05-31 02:27:05'),(6,1016,'memorized','2026-06-24 08:22:29'),(6,1018,'memorized','2026-05-31 02:27:08'),(6,1019,'memorized','2026-06-24 08:22:33'),(6,1020,'memorized','2026-05-31 02:27:11'),(6,1021,'memorized','2026-06-24 08:22:36'),(6,1023,'memorized','2026-05-31 02:27:13'),(6,1024,'memorized','2026-06-12 10:05:04'),(6,1025,'memorized','2026-06-12 10:05:05'),(6,1026,'memorized','2026-06-12 10:05:10'),(6,1027,'memorized','2026-06-12 10:05:09'),(6,1028,'memorized','2026-06-12 10:05:08'),(6,1031,'memorized','2026-06-12 10:05:14'),(6,1037,'memorized','2026-06-12 10:05:20'),(6,1038,'memorized','2026-06-12 10:05:21'),(6,1039,'memorized','2026-06-12 10:05:21'),(6,1041,'memorized','2026-06-12 10:05:23'),(6,1043,'memorized','2026-06-12 10:05:25'),(6,1044,'memorized','2026-06-12 10:05:26'),(6,1045,'memorized','2026-06-12 10:05:26'),(6,1046,'memorized','2026-06-12 10:05:27'),(6,1047,'memorized','2026-06-12 10:05:28'),(6,1050,'memorized','2026-06-12 10:05:31'),(6,1051,'memorized','2026-06-12 10:08:53'),(6,1052,'memorized','2026-06-12 10:08:53'),(6,1053,'memorized','2026-06-12 10:08:54'),(6,1054,'memorized','2026-06-12 10:08:55'),(6,1061,'memorized','2026-06-12 10:09:01'),(6,1062,'memorized','2026-06-12 10:09:01'),(6,1063,'memorized','2026-06-12 10:09:02'),(6,1065,'memorized','2026-06-12 10:09:04'),(6,1066,'memorized','2026-06-12 10:09:06'),(6,1068,'memorized','2026-06-12 10:09:08'),(6,1069,'memorized','2026-06-12 10:09:09'),(6,1070,'memorized','2026-06-12 10:09:10'),(6,1071,'memorized','2026-06-12 10:09:10'),(6,1072,'memorized','2026-06-12 10:09:11'),(6,1074,'memorized','2026-06-12 10:09:14'),(6,1075,'memorized','2026-06-12 10:07:30'),(6,1076,'memorized','2026-06-21 02:29:10'),(6,1077,'memorized','2026-06-21 02:29:55'),(6,1078,'memorized','2026-06-12 10:07:34'),(6,1079,'memorized','2026-06-21 02:29:54'),(6,1080,'memorized','2026-06-21 02:29:13'),(6,1081,'memorized','2026-06-12 10:07:37'),(6,1082,'memorized','2026-06-12 10:07:37'),(6,1083,'memorized','2026-06-12 10:07:39'),(6,1084,'memorized','2026-06-12 10:07:40'),(6,1086,'memorized','2026-06-12 10:07:41'),(6,1087,'memorized','2026-06-12 10:07:42'),(6,1088,'memorized','2026-06-12 10:07:43'),(6,1089,'memorized','2026-06-12 10:07:44'),(6,1093,'memorized','2026-06-12 10:07:47'),(6,1094,'memorized','2026-06-12 10:07:48'),(6,1097,'memorized','2026-06-12 10:07:54'),(6,1098,'memorized','2026-06-12 10:07:51'),(6,1099,'memorized','2026-06-12 10:07:54'),(6,1100,'memorized','2026-06-12 10:07:56'),(6,1103,'memorized','2026-06-21 02:29:19'),(6,1104,'memorized','2026-06-12 10:08:01'),(6,1105,'memorized','2026-06-21 02:29:21'),(6,1106,'memorized','2026-06-12 10:08:03'),(6,1108,'memorized','2026-06-12 10:08:05'),(6,1110,'memorized','2026-06-21 02:29:30'),(6,1111,'memorized','2026-06-12 10:08:11'),(6,1112,'memorized','2026-06-12 10:08:13'),(6,1113,'memorized','2026-06-12 10:08:16'),(6,1115,'memorized','2026-06-12 10:08:19'),(6,1117,'memorized','2026-06-12 10:08:21'),(6,1118,'memorized','2026-06-12 10:08:22'),(6,1122,'memorized','2026-06-21 02:29:36'),(6,1124,'memorized','2026-06-21 02:29:39'),(6,1125,'memorized','2026-06-12 10:08:27'),(6,1127,'memorized','2026-06-12 10:08:30'),(6,1128,'memorized','2026-06-12 10:08:31'),(6,1129,'memorized','2026-06-12 10:08:38'),(6,1130,'memorized','2026-06-21 02:29:41'),(6,1132,'memorized','2026-06-21 02:29:42'),(6,1139,'memorized','2026-06-12 10:08:45'),(6,1143,'memorized','2026-06-11 10:15:50'),(6,1149,'memorized','2026-06-11 10:15:54'),(6,1151,'memorized','2026-06-11 10:15:57'),(6,1158,'memorized','2026-06-11 10:16:02'),(6,1159,'memorized','2026-06-11 10:16:03'),(6,1160,'memorized','2026-06-11 10:16:04'),(6,1162,'memorized','2026-06-11 10:16:06'),(6,1164,'memorized','2026-06-11 10:16:08'),(6,1165,'memorized','2026-06-11 10:16:09'),(6,1167,'memorized','2026-06-11 10:16:11'),(6,1168,'memorized','2026-06-11 10:16:12'),(6,1170,'memorized','2026-06-11 10:16:20'),(6,1171,'memorized','2026-06-11 10:16:22'),(6,1173,'memorized','2026-06-11 10:16:24'),(6,1174,'memorized','2026-06-11 10:16:25'),(6,1175,'memorized','2026-06-11 10:16:27'),(6,1176,'memorized','2026-06-11 10:16:28'),(6,1177,'memorized','2026-06-11 10:16:29'),(6,1178,'memorized','2026-06-11 10:16:31'),(6,1179,'memorized','2026-06-11 10:16:32'),(6,1184,'memorized','2026-06-11 10:16:34'),(6,1186,'memorized','2026-06-24 08:26:56'),(6,1187,'memorized','2026-06-01 06:19:09'),(6,1190,'memorized','2026-06-24 08:27:00'),(6,1191,'memorized','2026-06-24 08:27:02'),(6,1194,'memorized','2026-06-01 06:19:13'),(6,1195,'memorized','2026-06-01 06:19:15'),(6,1196,'memorized','2026-06-01 06:19:16'),(6,1197,'memorized','2026-06-01 06:19:18'),(6,1198,'memorized','2026-06-01 06:19:19'),(6,1200,'memorized','2026-06-01 06:19:24'),(6,1203,'memorized','2026-06-01 06:19:22'),(6,1205,'memorized','2026-06-24 08:27:15'),(6,1210,'memorized','2026-06-24 08:27:24'),(6,1211,'memorized','2026-06-24 08:27:25'),(6,1213,'memorized','2026-06-24 08:27:28'),(6,1214,'memorized','2026-06-24 08:27:30'),(6,1215,'memorized','2026-06-24 08:27:32'),(6,1216,'memorized','2026-06-24 08:27:33'),(6,1219,'memorized','2026-06-24 08:27:37'),(6,1220,'memorized','2026-06-24 08:27:39'),(6,1222,'memorized','2026-06-01 06:19:39'),(6,1223,'memorized','2026-06-01 06:19:37'),(6,1224,'memorized','2026-06-11 10:14:58'),(6,1225,'memorized','2026-06-11 10:14:59'),(6,1226,'memorized','2026-06-11 10:15:00'),(6,1228,'memorized','2026-06-11 10:15:01'),(6,1231,'memorized','2026-06-11 10:15:04'),(6,1234,'memorized','2026-06-11 10:15:06'),(6,1235,'memorized','2026-06-11 10:15:06'),(6,1236,'memorized','2026-06-11 10:15:07'),(6,1238,'memorized','2026-06-11 10:15:09'),(6,1239,'memorized','2026-06-11 10:15:09'),(6,1240,'memorized','2026-06-11 10:15:10'),(6,1241,'memorized','2026-06-11 10:15:11'),(6,1242,'memorized','2026-06-11 10:15:13'),(6,1243,'memorized','2026-06-11 10:15:12'),(6,1246,'memorized','2026-06-11 10:15:17'),(6,1248,'memorized','2026-06-11 10:13:38'),(6,1251,'memorized','2026-06-11 10:13:40'),(6,1254,'memorized','2026-06-11 10:13:45'),(6,1255,'memorized','2026-06-11 10:13:46'),(6,1258,'memorized','2026-06-11 10:13:48'),(6,1259,'memorized','2026-06-11 10:13:49'),(6,1263,'memorized','2026-06-11 10:13:51'),(6,1274,'memorized','2026-06-11 10:13:59'),(6,1279,'memorized','2026-06-11 10:16:45'),(6,1281,'memorized','2026-06-11 10:16:47'),(6,1282,'memorized','2026-06-11 10:16:48'),(6,1284,'memorized','2026-06-11 10:16:49'),(6,1286,'memorized','2026-06-11 10:16:51'),(6,1287,'memorized','2026-06-11 10:16:52'),(6,1288,'memorized','2026-06-11 10:16:54'),(6,1290,'memorized','2026-06-11 10:16:55'),(6,1291,'memorized','2026-06-11 10:16:56'),(6,1292,'memorized','2026-06-11 10:16:57'),(6,1293,'memorized','2026-06-11 10:16:58'),(6,1294,'memorized','2026-06-11 10:17:00'),(6,1295,'memorized','2026-06-11 10:17:00'),(6,1296,'memorized','2026-06-11 10:17:01'),(6,1297,'memorized','2026-06-11 10:17:02'),(6,1298,'memorized','2026-06-11 10:17:04'),(6,1299,'memorized','2026-06-11 10:17:05'),(6,1300,'memorized','2026-06-11 10:17:06'),(6,1303,'memorized','2026-06-11 10:17:09'),(6,1304,'memorized','2026-06-11 10:17:09'),(6,1306,'memorized','2026-06-11 10:17:11'),(6,1307,'memorized','2026-06-11 10:17:12'),(6,1308,'memorized','2026-06-11 10:17:13'),(6,1309,'memorized','2026-06-11 10:17:14'),(6,1310,'memorized','2026-06-20 12:35:17'),(6,1311,'memorized','2026-06-20 12:35:21'),(6,1312,'memorized','2026-06-20 12:35:47'),(6,1313,'memorized','2026-06-20 12:35:58'),(6,1314,'memorized','2026-06-20 12:36:04'),(6,1315,'memorized','2026-06-20 12:36:11'),(6,1317,'memorized','2026-06-20 12:36:18'),(6,1319,'memorized','2026-06-20 12:36:29'),(6,1321,'memorized','2026-06-24 08:28:02'),(6,1322,'memorized','2026-06-20 12:36:33'),(6,1323,'memorized','2026-06-20 12:36:34'),(6,1324,'memorized','2026-06-20 12:36:35'),(6,1325,'memorized','2026-06-12 10:06:45'),(6,1326,'memorized','2026-06-12 10:06:44'),(6,1327,'memorized','2026-06-12 10:06:47'),(6,1328,'memorized','2026-06-12 10:06:47'),(6,1329,'memorized','2026-06-12 10:06:50'),(6,1333,'memorized','2026-06-12 10:06:52'),(6,1334,'memorized','2026-06-12 10:06:52'),(6,1338,'memorized','2026-06-12 10:06:59'),(6,1339,'memorized','2026-06-12 10:06:59'),(6,1341,'memorized','2026-05-31 02:24:36'),(6,1342,'memorized','2026-05-31 02:24:37'),(6,1343,'memorized','2026-05-31 02:24:38'),(6,1344,'memorized','2026-06-24 08:21:55'),(6,1345,'memorized','2026-05-31 02:24:40'),(6,1346,'memorized','2026-05-31 02:24:43'),(6,1347,'memorized','2026-05-31 02:24:43'),(6,1348,'memorized','2026-06-24 08:21:56'),(6,1350,'memorized','2026-05-31 02:24:47'),(6,1351,'memorized','2026-05-31 02:24:49'),(6,1352,'memorized','2026-05-31 02:24:48'),(6,1353,'memorized','2026-05-31 02:24:50'),(6,1354,'memorized','2026-05-31 02:24:51'),(6,1356,'memorized','2026-05-31 02:24:55'),(6,1364,'memorized','2026-06-24 08:22:11'),(6,1365,'memorized','2026-05-31 02:25:02'),(6,1366,'memorized','2026-06-14 08:39:11'),(6,1367,'memorized','2026-06-14 08:39:12'),(6,1368,'memorized','2026-06-14 08:39:12'),(6,1369,'memorized','2026-06-14 08:39:13'),(6,1370,'memorized','2026-06-14 08:39:14'),(6,1371,'memorized','2026-06-14 08:39:14'),(6,1372,'memorized','2026-06-14 08:39:15'),(6,1373,'memorized','2026-06-14 08:39:16'),(6,1374,'memorized','2026-06-14 08:39:16'),(6,1375,'memorized','2026-06-14 08:39:17'),(6,1376,'memorized','2026-06-14 08:39:17'),(6,1377,'memorized','2026-06-14 08:39:18'),(6,1378,'memorized','2026-06-14 08:39:19'),(6,1379,'memorized','2026-06-14 08:39:19'),(6,1380,'memorized','2026-06-14 08:38:35'),(6,1381,'memorized','2026-06-14 08:38:36'),(6,1382,'memorized','2026-06-14 08:38:38'),(6,1383,'memorized','2026-06-14 08:38:39'),(6,1384,'memorized','2026-06-14 08:38:39'),(6,1385,'memorized','2026-06-14 08:38:40'),(6,1386,'memorized','2026-06-14 08:38:21'),(6,1387,'memorized','2026-06-14 08:38:22'),(6,1388,'memorized','2026-06-14 08:38:23'),(6,1389,'memorized','2026-06-14 08:38:24'),(6,1390,'memorized','2026-06-14 08:38:25'),(6,1391,'memorized','2026-06-14 08:38:28'),(6,1392,'memorized','2026-06-14 08:38:29'),(6,1393,'memorized','2026-06-14 08:38:30'),(6,1394,'memorized','2026-06-02 12:00:41'),(6,1395,'memorized','2026-06-02 12:00:41'),(6,1396,'memorized','2026-06-02 12:00:45'),(6,1397,'memorized','2026-06-02 12:00:44'),(6,1398,'memorized','2026-06-12 10:13:00'),(6,1399,'memorized','2026-06-12 10:13:03'),(6,1400,'memorized','2026-06-12 10:13:04'),(6,1401,'memorized','2026-06-12 10:13:05'),(6,1402,'memorized','2026-06-12 10:13:06'),(6,1403,'memorized','2026-06-14 08:38:48'),(6,1404,'memorized','2026-06-14 08:38:49'),(6,1405,'memorized','2026-06-14 08:38:51'),(6,1406,'memorized','2026-06-14 08:38:52'),(6,1407,'memorized','2026-06-14 08:38:53'),(6,1408,'memorized','2026-06-12 10:12:31'),(6,1409,'memorized','2026-06-12 10:12:31'),(6,1410,'memorized','2026-06-12 10:12:34'),(6,1411,'memorized','2026-06-12 10:12:33'),(6,1412,'memorized','2026-06-12 10:12:34'),(6,1413,'memorized','2026-06-12 10:12:36'),(6,1414,'memorized','2026-06-20 06:32:25'),(6,1415,'memorized','2026-06-20 06:32:15'),(6,1416,'memorized','2026-06-20 06:32:20'),(6,1417,'memorized','2026-06-12 10:12:38'),(6,1418,'memorized','2026-06-12 10:12:40'),(6,1419,'memorized','2026-06-12 10:12:40'),(6,1420,'memorized','2026-06-20 06:32:22'),(6,1421,'memorized','2026-06-12 10:12:42'),(6,1422,'memorized','2026-06-20 06:32:23'),(6,1423,'memorized','2026-06-12 10:12:43'),(6,1424,'memorized','2026-06-12 10:12:44'),(6,1425,'memorized','2026-06-12 10:12:45'),(6,1426,'memorized','2026-06-12 10:12:46'),(6,1427,'memorized','2026-06-12 10:12:47'),(6,1428,'memorized','2026-06-20 06:32:24'),(6,1429,'memorized','2026-06-12 10:12:49'),(6,1430,'memorized','2026-06-12 10:12:50'),(6,1431,'memorized','2026-06-12 10:12:51'),(6,1432,'memorized','2026-06-12 10:12:51'),(6,1433,'memorized','2026-05-19 09:08:30'),(6,1434,'memorized','2026-05-19 09:08:30'),(6,1435,'memorized','2026-05-19 09:08:32'),(6,1436,'memorized','2026-05-19 09:08:31'),(6,1437,'memorized','2026-05-19 09:08:33'),(6,1438,'memorized','2026-05-19 09:08:34'),(6,1439,'memorized','2026-05-19 09:08:34'),(6,1440,'memorized','2026-05-19 09:08:35'),(6,1441,'memorized','2026-05-19 09:08:35'),(6,1442,'memorized','2026-06-19 11:44:38'),(6,1443,'memorized','2026-05-16 04:33:11'),(6,1444,'memorized','2026-06-19 11:44:47'),(6,1445,'memorized','2026-05-16 04:33:13'),(6,1446,'memorized','2026-06-19 11:44:43'),(6,1447,'memorized','2026-05-16 04:33:29'),(6,1448,'memorized','2026-05-16 04:33:16'),(6,1449,'memorized','2026-05-16 04:33:17'),(6,1450,'memorized','2026-05-16 04:33:18'),(6,1451,'memorized','2026-05-16 04:33:23'),(6,1452,'memorized','2026-05-16 04:33:22'),(6,1453,'memorized','2026-05-16 04:33:21'),(6,1454,'memorized','2026-06-19 11:44:44'),(6,1455,'memorized','2026-05-16 04:33:25'),(6,1457,'memorized','2026-05-16 04:33:26'),(6,1458,'memorized','2026-05-16 04:33:27'),(6,1460,'memorized','2026-05-18 11:35:24'),(6,1461,'memorized','2026-06-19 11:44:51'),(6,1462,'memorized','2026-05-16 04:33:32'),(6,1463,'memorized','2026-05-16 04:33:33'),(6,1464,'memorized','2026-06-24 08:16:43'),(6,1466,'memorized','2026-05-16 04:33:35'),(6,1467,'memorized','2026-05-16 04:33:35'),(6,1468,'memorized','2026-06-19 11:44:59'),(6,1470,'memorized','2026-05-16 04:33:44'),(6,1471,'memorized','2026-05-16 04:33:46'),(6,1472,'memorized','2026-05-18 11:35:30'),(6,1473,'memorized','2026-05-18 11:35:31'),(6,1474,'memorized','2026-05-18 11:35:32'),(6,1475,'memorized','2026-05-19 09:19:18'),(6,1476,'memorized','2026-05-18 11:35:36'),(6,1477,'memorized','2026-05-18 11:35:37'),(6,1478,'memorized','2026-05-19 09:19:16'),(6,1479,'memorized','2026-06-19 11:44:57'),(6,1480,'memorized','2026-05-18 11:35:40'),(6,1481,'memorized','2026-05-18 11:35:41'),(6,1482,'memorized','2026-06-19 11:45:00'),(6,1483,'memorized','2026-05-18 11:35:43'),(6,1484,'memorized','2026-05-19 09:19:14'),(6,1486,'memorized','2026-06-19 11:45:03'),(6,1487,'memorized','2026-05-18 11:35:49'),(6,1488,'memorized','2026-06-19 11:45:04'),(6,1489,'memorized','2026-06-19 11:45:09'),(6,1491,'memorized','2026-05-18 11:35:56'),(6,1492,'memorized','2026-06-24 08:16:49'),(6,1493,'memorized','2026-05-18 11:35:57'),(6,1494,'memorized','2026-05-18 11:35:58'),(6,1495,'memorized','2026-06-19 11:45:13'),(6,1496,'memorized','2026-05-18 11:36:00'),(6,1497,'memorized','2026-06-19 11:45:14'),(6,1498,'memorized','2026-05-19 09:19:07'),(6,1499,'memorized','2026-06-24 08:16:51'),(6,1500,'memorized','2026-05-18 11:36:02'),(6,1501,'memorized','2026-05-18 11:36:06'),(6,1502,'memorized','2026-05-18 11:36:05'),(6,1503,'memorized','2026-06-19 11:45:15'),(6,1504,'memorized','2026-06-19 11:45:36'),(6,1505,'memorized','2026-06-19 11:45:36'),(6,1506,'memorized','2026-05-18 11:36:09'),(6,1507,'memorized','2026-05-19 09:19:03'),(6,1509,'memorized','2026-06-19 11:45:41'),(6,1510,'memorized','2026-05-19 09:19:00'),(6,1511,'memorized','2026-06-24 08:16:55'),(6,1512,'memorized','2026-05-18 11:36:35'),(6,1513,'memorized','2026-05-18 11:36:36'),(6,1514,'memorized','2026-05-18 11:36:37'),(6,1515,'memorized','2026-05-18 11:36:38'),(6,1516,'memorized','2026-05-18 11:36:39'),(6,1517,'memorized','2026-05-18 11:36:39'),(6,1518,'memorized','2026-05-18 11:36:41'),(6,1519,'memorized','2026-05-19 09:18:58'),(6,1520,'memorized','2026-05-19 09:18:57'),(6,1521,'memorized','2026-05-19 09:18:56'),(6,1522,'memorized','2026-05-19 09:18:55'),(6,1524,'memorized','2026-05-19 09:18:53'),(6,1525,'memorized','2026-05-19 09:18:51'),(6,1526,'memorized','2026-05-19 09:18:49'),(6,1527,'memorized','2026-05-19 09:18:50'),(6,1528,'memorized','2026-05-19 09:18:44'),(6,1529,'memorized','2026-05-19 09:18:45'),(6,1530,'memorized','2026-05-19 09:18:46'),(6,1531,'memorized','2026-05-19 09:18:40'),(6,1533,'memorized','2026-06-19 11:45:46'),(6,1534,'memorized','2026-05-19 09:18:38'),(6,1535,'memorized','2026-05-19 09:18:36'),(6,1538,'memorized','2026-05-19 09:18:33'),(6,1540,'memorized','2026-05-19 09:18:30'),(6,1541,'memorized','2026-05-19 09:18:31'),(6,1542,'memorized','2026-06-24 08:17:05'),(6,1543,'memorized','2026-06-19 11:45:50'),(6,1544,'memorized','2026-05-19 09:19:39'),(6,1545,'memorized','2026-05-19 09:19:39'),(6,1546,'memorized','2026-05-19 09:19:40'),(6,1547,'memorized','2026-05-19 12:53:22'),(6,1548,'memorized','2026-05-19 12:53:28'),(6,1549,'memorized','2026-05-19 09:19:44'),(6,1550,'memorized','2026-05-19 09:19:46'),(6,1551,'memorized','2026-05-19 12:53:36'),(6,1552,'memorized','2026-05-19 09:19:48'),(6,1553,'memorized','2026-05-19 09:19:49'),(6,1554,'memorized','2026-05-19 09:19:51'),(6,1555,'memorized','2026-05-19 09:19:52'),(6,1556,'memorized','2026-05-19 09:19:53'),(6,1557,'memorized','2026-05-19 09:19:54'),(6,1558,'memorized','2026-05-19 09:19:55'),(6,1559,'memorized','2026-05-19 09:19:57'),(6,1560,'memorized','2026-05-19 09:19:58'),(6,1561,'memorized','2026-05-19 09:20:00'),(6,1562,'memorized','2026-05-19 09:20:01'),(6,1563,'memorized','2026-05-31 13:33:45'),(6,1564,'memorized','2026-06-19 11:53:29'),(6,1565,'memorized','2026-05-19 09:20:03'),(6,1566,'memorized','2026-06-19 11:53:29'),(6,1567,'memorized','2026-05-19 09:20:05'),(6,1568,'memorized','2026-05-19 09:20:07'),(6,1569,'memorized','2026-05-19 09:20:07'),(6,1570,'memorized','2026-05-19 09:20:08'),(6,1571,'memorized','2026-05-19 09:20:09'),(6,1572,'memorized','2026-05-19 09:20:10'),(6,1573,'memorized','2026-05-19 09:20:11'),(6,1574,'memorized','2026-05-19 09:20:11'),(6,1575,'memorized','2026-05-19 09:20:13'),(6,1576,'memorized','2026-05-19 09:20:14'),(6,1577,'memorized','2026-05-19 09:20:14'),(6,1578,'memorized','2026-06-19 11:53:35'),(6,1579,'memorized','2026-06-19 11:53:33'),(6,1582,'memorized','2026-05-19 09:20:17'),(6,1583,'memorized','2026-05-19 09:20:20'),(6,1585,'memorized','2026-05-19 09:20:22'),(6,1588,'memorized','2026-05-19 09:20:24'),(6,1589,'memorized','2026-05-19 09:20:25'),(6,1590,'memorized','2026-05-19 09:20:26'),(6,1591,'memorized','2026-05-19 09:20:27'),(6,1592,'memorized','2026-05-19 09:20:28'),(6,1593,'memorized','2026-05-19 09:20:29'),(6,1596,'memorized','2026-05-19 09:20:32'),(6,1597,'memorized','2026-05-19 09:20:34'),(6,1599,'memorized','2026-05-19 09:20:36'),(6,1601,'memorized','2026-05-19 09:20:38'),(6,1602,'memorized','2026-05-19 09:20:38'),(6,1603,'memorized','2026-05-19 09:20:40'),(6,1604,'memorized','2026-06-19 11:53:41'),(6,1605,'memorized','2026-05-19 09:20:41'),(6,1606,'memorized','2026-05-19 09:20:42'),(6,1607,'memorized','2026-05-19 09:20:43'),(6,1608,'memorized','2026-05-19 09:20:44'),(6,1609,'memorized','2026-05-19 09:20:46'),(6,1611,'memorized','2026-05-19 09:20:48'),(6,1612,'memorized','2026-05-19 09:20:49'),(6,1613,'memorized','2026-05-19 09:20:50'),(6,1614,'memorized','2026-05-19 09:20:51'),(6,1615,'memorized','2026-05-19 09:20:52'),(6,1616,'memorized','2026-06-19 11:53:44'),(6,1617,'memorized','2026-06-19 11:53:46'),(6,1618,'memorized','2026-05-19 09:20:57'),(6,1619,'memorized','2026-05-19 09:20:56'),(6,1620,'memorized','2026-05-19 09:20:58'),(6,1621,'memorized','2026-05-19 09:20:59'),(6,1622,'memorized','2026-05-19 09:21:00'),(6,1623,'memorized','2026-05-19 09:21:00'),(6,1624,'memorized','2026-05-19 09:21:01'),(6,1625,'memorized','2026-05-19 09:21:02'),(6,1626,'memorized','2026-05-19 09:21:03'),(6,1627,'memorized','2026-06-19 11:53:47'),(6,1628,'memorized','2026-05-19 09:21:05'),(6,1629,'memorized','2026-05-19 09:21:06'),(6,1630,'memorized','2026-05-19 09:21:15'),(6,1632,'memorized','2026-05-19 09:21:11'),(6,1633,'memorized','2026-05-19 09:21:12'),(6,1634,'memorized','2026-06-19 11:53:52'),(6,1635,'memorized','2026-06-19 11:53:50'),(6,1636,'memorized','2026-06-19 11:53:59'),(6,1637,'memorized','2026-06-19 11:53:57'),(6,1641,'memorized','2026-06-19 11:45:51'),(6,1642,'memorized','2026-05-19 09:18:23'),(6,1643,'memorized','2026-05-19 09:18:22'),(6,1644,'memorized','2026-05-19 09:18:21'),(6,1645,'memorized','2026-06-24 08:17:09'),(6,1646,'memorized','2026-06-19 11:45:53'),(6,1647,'memorized','2026-06-19 11:45:54'),(6,1648,'memorized','2026-05-19 09:18:15'),(6,1649,'memorized','2026-06-19 11:45:59'),(6,1650,'memorized','2026-05-19 09:18:13'),(6,1651,'memorized','2026-05-19 09:18:11'),(6,1652,'memorized','2026-06-19 11:45:56'),(6,1658,'memorized','2026-06-19 11:46:04'),(6,1659,'memorized','2026-06-19 11:46:06'),(6,1660,'memorized','2026-05-19 09:18:00'),(6,1661,'memorized','2026-05-19 09:17:58'),(6,1662,'memorized','2026-05-19 09:17:55'),(6,1663,'memorized','2026-05-19 09:17:56'),(6,1664,'memorized','2026-05-19 09:17:53'),(6,1665,'memorized','2026-05-19 09:17:54'),(6,1668,'memorized','2026-06-19 11:46:10'),(6,1669,'memorized','2026-06-19 11:46:10'),(6,1670,'memorized','2026-06-19 11:46:12'),(6,1671,'memorized','2026-06-19 11:46:17'),(6,1672,'memorized','2026-05-19 09:17:45'),(6,1673,'memorized','2026-06-19 11:46:18'),(6,1674,'memorized','2026-06-24 08:17:20'),(6,1675,'memorized','2026-06-19 11:46:21'),(6,1676,'memorized','2026-06-19 11:46:26'),(6,1677,'memorized','2026-06-19 11:46:27'),(6,1678,'memorized','2026-05-19 09:17:38'),(6,1679,'memorized','2026-06-19 11:46:30'),(6,1680,'memorized','2026-05-19 09:21:22'),(6,1681,'memorized','2026-05-19 09:21:23'),(6,1682,'memorized','2026-05-19 09:21:24'),(6,1683,'memorized','2026-05-19 09:21:25'),(6,1686,'memorized','2026-05-19 09:21:28'),(6,1687,'memorized','2026-05-19 09:21:29'),(6,1688,'memorized','2026-05-19 09:21:31'),(6,1689,'memorized','2026-05-19 09:21:32'),(6,1690,'memorized','2026-05-19 09:21:34'),(6,1691,'memorized','2026-05-19 09:21:34'),(6,1692,'memorized','2026-05-19 09:21:35'),(6,1693,'memorized','2026-05-19 09:21:36'),(6,1694,'memorized','2026-06-19 11:54:08'),(6,1695,'memorized','2026-06-19 11:54:09'),(6,1696,'memorized','2026-05-19 09:21:39'),(6,1697,'memorized','2026-05-19 09:21:40'),(6,1698,'memorized','2026-06-19 11:54:12'),(6,1699,'memorized','2026-06-19 11:54:13'),(6,1700,'memorized','2026-05-19 09:21:42'),(6,1701,'memorized','2026-05-19 09:21:43'),(6,1702,'memorized','2026-05-19 09:21:45'),(6,1703,'memorized','2026-05-19 09:21:47'),(6,1704,'memorized','2026-06-19 11:54:16'),(6,1705,'memorized','2026-06-19 11:54:17'),(6,1706,'memorized','2026-05-19 09:21:51'),(6,1707,'memorized','2026-05-19 09:21:52'),(6,1708,'memorized','2026-05-19 09:21:53'),(6,1709,'memorized','2026-05-19 09:21:54'),(6,1710,'memorized','2026-05-19 09:21:55'),(6,1711,'memorized','2026-05-19 09:21:56'),(6,1712,'memorized','2026-06-19 11:54:20'),(6,1713,'memorized','2026-06-19 11:54:21'),(6,1714,'memorized','2026-06-24 08:17:52'),(6,1715,'memorized','2026-06-24 08:17:54'),(6,1716,'memorized','2026-05-19 09:22:03'),(6,1717,'memorized','2026-05-19 09:22:06'),(6,1720,'memorized','2026-05-19 09:22:09'),(6,1721,'memorized','2026-05-19 09:22:10'),(6,1724,'memorized','2026-05-16 04:29:04'),(6,1725,'memorized','2026-05-16 04:29:05'),(6,1726,'memorized','2026-05-16 04:29:06'),(6,1727,'memorized','2026-05-16 04:29:07'),(6,1728,'memorized','2026-05-16 04:29:08'),(6,1729,'memorized','2026-05-16 04:29:10'),(6,1730,'memorized','2026-05-16 04:29:14'),(6,1731,'memorized','2026-05-16 04:29:18'),(6,1732,'memorized','2026-06-18 11:05:01'),(6,1733,'memorized','2026-05-16 04:28:51'),(6,1734,'memorized','2026-05-16 04:28:54'),(6,1735,'memorized','2026-05-16 04:28:55'),(6,1736,'memorized','2026-05-16 04:28:56'),(6,1737,'memorized','2026-06-18 11:04:57'),(6,1738,'memorized','2026-05-16 04:28:58'),(6,1739,'memorized','2026-05-16 04:28:59'),(6,1740,'memorized','2026-06-18 11:04:58'),(6,1741,'memorized','2026-05-16 04:29:02'),(6,1742,'memorized','2026-06-18 11:05:02'),(6,1743,'memorized','2026-05-16 04:32:33'),(6,1744,'memorized','2026-05-16 04:29:26'),(6,1745,'memorized','2026-05-16 04:29:28'),(6,1746,'memorized','2026-05-16 04:32:32'),(6,1747,'memorized','2026-05-16 04:29:30'),(6,1748,'memorized','2026-05-16 04:29:33'),(6,1749,'memorized','2026-05-16 04:29:32'),(6,1750,'memorized','2026-05-16 04:29:34'),(6,1751,'memorized','2026-05-16 04:32:29'),(6,1752,'memorized','2026-05-16 04:29:36'),(6,1753,'memorized','2026-05-16 04:29:37'),(6,1754,'memorized','2026-05-16 04:29:40'),(6,1755,'memorized','2026-05-16 04:32:28'),(6,1756,'memorized','2026-06-18 11:05:03'),(6,1757,'memorized','2026-05-16 04:29:44'),(6,1758,'memorized','2026-05-16 04:29:42'),(6,1759,'memorized','2026-05-16 04:29:43'),(6,1760,'memorized','2026-06-18 11:05:04'),(6,1761,'memorized','2026-05-16 04:29:46'),(6,1762,'memorized','2026-05-16 04:29:48'),(6,1763,'memorized','2026-05-16 04:29:49'),(6,1764,'memorized','2026-05-16 04:29:50'),(6,1765,'memorized','2026-05-16 04:29:51'),(6,1766,'memorized','2026-06-18 11:05:07'),(6,1767,'memorized','2026-05-16 04:32:37'),(6,1768,'memorized','2026-05-16 04:29:54'),(6,1769,'memorized','2026-06-18 11:05:08'),(6,1770,'memorized','2026-06-18 11:05:10'),(6,1771,'memorized','2026-06-18 11:05:11'),(6,1772,'memorized','2026-06-18 11:05:14'),(6,1773,'memorized','2026-06-18 11:05:17'),(6,1774,'memorized','2026-06-18 11:05:18'),(6,1775,'memorized','2026-06-18 11:05:21'),(6,1776,'memorized','2026-06-18 11:05:24'),(6,1777,'memorized','2026-06-18 11:05:26'),(6,1778,'memorized','2026-06-18 11:05:29'),(6,1779,'memorized','2026-06-18 11:05:31'),(6,1780,'memorized','2026-06-18 11:05:35'),(6,1781,'memorized','2026-06-18 11:05:38'),(6,1782,'memorized','2026-06-18 11:05:40'),(6,1783,'memorized','2026-06-18 11:05:41'),(6,1784,'memorized','2026-06-20 12:28:31'),(6,1785,'memorized','2026-05-16 04:30:05'),(6,1786,'memorized','2026-06-18 11:05:45'),(6,1787,'memorized','2026-06-18 11:05:48'),(6,1788,'memorized','2026-06-18 11:05:49'),(6,1789,'memorized','2026-06-18 11:05:53'),(6,1790,'memorized','2026-06-18 11:05:54'),(6,1791,'memorized','2026-06-18 11:05:56'),(6,1792,'memorized','2026-06-18 11:05:57'),(6,1793,'memorized','2026-06-20 12:28:29'),(6,1794,'memorized','2026-06-18 11:06:01'),(6,1795,'memorized','2026-06-20 12:28:36'),(6,1796,'memorized','2026-06-18 11:06:03'),(6,1797,'memorized','2026-06-18 11:06:04'),(6,1798,'memorized','2026-06-18 11:06:05'),(6,1799,'memorized','2026-06-18 11:06:06'),(6,1800,'memorized','2026-06-18 11:06:07'),(6,1801,'memorized','2026-06-18 11:06:09'),(6,1802,'memorized','2026-06-18 11:06:11'),(6,1803,'memorized','2026-06-20 12:28:39'),(6,1804,'memorized','2026-06-19 11:43:22'),(6,1805,'memorized','2026-06-18 11:06:14'),(6,1806,'memorized','2026-06-18 11:06:16'),(6,1807,'memorized','2026-06-18 11:06:17'),(6,1808,'memorized','2026-06-18 11:06:18'),(6,1810,'memorized','2026-06-18 11:06:22'),(6,1811,'memorized','2026-05-16 04:32:09'),(6,1812,'memorized','2026-06-18 11:06:24'),(6,1813,'memorized','2026-06-18 11:06:25'),(6,1814,'memorized','2026-05-16 04:30:22'),(6,1815,'memorized','2026-06-18 11:06:27'),(6,1816,'memorized','2026-05-16 04:30:24'),(6,1817,'memorized','2026-06-18 11:06:29'),(6,1818,'memorized','2026-05-16 04:32:04'),(6,1819,'memorized','2026-05-16 04:32:03'),(6,1820,'memorized','2026-05-16 04:32:02'),(6,1821,'memorized','2026-05-16 04:32:01'),(6,1822,'memorized','2026-05-16 04:32:01'),(6,1823,'memorized','2026-05-16 04:32:00'),(6,1824,'memorized','2026-05-16 04:30:32'),(6,1825,'memorized','2026-05-16 04:30:33'),(6,1826,'memorized','2026-06-19 11:43:13'),(6,1827,'memorized','2026-05-16 04:30:35'),(6,1828,'memorized','2026-05-16 04:31:58'),(6,1829,'memorized','2026-05-16 04:31:58'),(6,1830,'memorized','2026-05-16 04:31:57'),(6,1831,'memorized','2026-05-16 04:31:55'),(6,1832,'memorized','2026-05-16 04:31:54'),(6,1833,'memorized','2026-05-16 04:31:53'),(6,1834,'memorized','2026-05-16 04:31:52'),(6,1835,'memorized','2026-05-16 04:31:50'),(6,1836,'memorized','2026-06-19 11:43:08'),(6,1837,'memorized','2026-05-16 04:31:48'),(6,1838,'memorized','2026-05-16 04:31:47'),(6,1839,'memorized','2026-05-16 04:31:45'),(6,1840,'memorized','2026-05-16 04:31:45'),(6,1841,'memorized','2026-05-16 04:31:44'),(6,1842,'memorized','2026-05-16 04:31:43'),(6,1843,'memorized','2026-06-18 11:06:34'),(6,1844,'memorized','2026-05-16 04:31:41'),(6,1845,'memorized','2026-06-18 11:06:35'),(6,1846,'memorized','2026-05-16 04:31:39'),(6,1848,'memorized','2026-05-16 04:31:37'),(6,1849,'memorized','2026-05-16 04:31:35'),(6,1850,'memorized','2026-06-18 11:06:36'),(6,1851,'memorized','2026-05-16 04:32:45'),(6,1852,'memorized','2026-06-18 11:06:38'),(6,1853,'memorized','2026-05-16 04:31:32'),(6,1854,'memorized','2026-05-16 04:31:29'),(6,1855,'memorized','2026-05-16 04:31:27'),(6,1856,'memorized','2026-06-18 11:06:39'),(6,1857,'memorized','2026-05-16 04:31:25'),(6,1858,'memorized','2026-05-16 04:31:24'),(6,1859,'memorized','2026-05-16 04:31:24'),(6,1860,'memorized','2026-06-18 11:06:41'),(6,1861,'memorized','2026-05-16 04:31:22'),(6,1862,'memorized','2026-05-16 04:31:20'),(6,1863,'memorized','2026-05-16 04:31:21'),(6,1864,'memorized','2026-06-18 11:06:42'),(6,1865,'memorized','2026-06-18 11:06:43'),(6,1866,'memorized','2026-06-18 11:06:44'),(6,1867,'memorized','2026-06-18 11:06:45'),(6,1868,'memorized','2026-06-18 11:06:47'),(6,1869,'memorized','2026-05-16 04:31:13'),(6,1870,'memorized','2026-05-16 04:31:14'),(6,1871,'memorized','2026-06-18 11:06:48'),(6,1872,'memorized','2026-05-16 04:31:05'),(6,1873,'memorized','2026-06-18 11:06:49'),(6,1874,'memorized','2026-05-16 04:31:07'),(6,1875,'memorized','2026-05-16 04:31:02'),(6,1876,'memorized','2026-06-18 11:06:52'),(6,1877,'memorized','2026-05-16 04:31:03'),(6,1878,'memorized','2026-05-16 04:30:58'),(6,1879,'memorized','2026-06-19 11:43:20'),(6,1880,'memorized','2026-06-18 11:06:55'),(6,1881,'memorized','2026-06-18 11:06:57'),(6,1882,'memorized','2026-06-18 11:06:58'),(6,1883,'memorized','2026-05-16 04:30:54'),(6,1885,'memorized','2026-06-18 11:07:00'),(6,1886,'memorized','2026-05-16 04:30:52'),(6,1887,'memorized','2026-06-18 11:07:02'),(6,1888,'memorized','2026-06-18 11:07:03'),(6,1889,'memorized','2026-05-16 04:30:49'),(6,1890,'memorized','2026-05-16 04:30:46'),(6,1891,'memorized','2026-05-16 04:32:59'),(6,1892,'memorized','2026-06-18 11:07:06'),(6,1893,'memorized','2026-06-18 11:07:07'),(6,1894,'memorized','2026-05-19 09:08:36'),(6,1895,'memorized','2026-05-19 09:08:37'),(6,1896,'memorized','2026-06-19 11:43:40'),(6,1897,'memorized','2026-06-19 11:43:28'),(6,1898,'memorized','2026-05-19 09:08:39'),(6,1901,'memorized','2026-06-18 11:07:27'),(6,1902,'memorized','2026-05-19 09:08:41'),(6,1903,'memorized','2026-05-19 09:08:42'),(6,1904,'memorized','2026-05-19 09:08:43'),(6,1905,'memorized','2026-06-18 11:07:29'),(6,1906,'memorized','2026-06-18 11:07:30'),(6,1907,'memorized','2026-06-18 11:07:31'),(6,1908,'memorized','2026-05-19 09:08:46'),(6,1909,'memorized','2026-05-19 09:08:47'),(6,1910,'memorized','2026-06-18 11:07:33'),(6,1911,'memorized','2026-06-18 11:07:35'),(6,1912,'memorized','2026-06-18 11:07:36'),(6,1913,'memorized','2026-05-19 09:08:53'),(6,1914,'memorized','2026-06-18 11:07:38'),(6,1915,'memorized','2026-06-18 11:07:39'),(6,1916,'memorized','2026-06-24 08:14:56'),(6,1917,'memorized','2026-05-19 09:08:57'),(6,1918,'memorized','2026-06-18 11:07:41'),(6,1919,'memorized','2026-05-19 09:13:28'),(6,1920,'memorized','2026-06-18 11:07:43'),(6,1921,'memorized','2026-05-19 09:09:00'),(6,1922,'memorized','2026-05-19 09:09:01'),(6,1923,'memorized','2026-06-18 11:07:45'),(6,1924,'memorized','2026-06-18 11:07:46'),(6,1926,'memorized','2026-06-18 11:07:49'),(6,1927,'memorized','2026-06-19 11:43:39'),(6,1928,'memorized','2026-05-19 09:13:36'),(6,1929,'memorized','2026-06-18 11:07:50'),(6,1930,'memorized','2026-06-18 11:07:51'),(6,1931,'memorized','2026-06-18 11:07:52'),(6,1932,'memorized','2026-06-24 08:15:00'),(6,1934,'memorized','2026-06-18 11:07:55'),(6,1935,'memorized','2026-06-18 11:07:56'),(6,1936,'memorized','2026-06-18 11:07:57'),(6,1939,'memorized','2026-06-18 11:08:00'),(6,1940,'memorized','2026-06-19 11:43:48'),(6,1941,'memorized','2026-06-18 11:09:55'),(6,1942,'memorized','2026-05-19 09:13:44'),(6,1943,'memorized','2026-05-19 09:13:44'),(6,1944,'memorized','2026-05-19 09:13:45'),(6,1945,'memorized','2026-06-18 11:09:54'),(6,1946,'memorized','2026-05-19 09:13:55'),(6,1947,'memorized','2026-05-19 09:13:49'),(6,1948,'memorized','2026-06-19 11:43:52'),(6,1949,'memorized','2026-05-19 09:13:50'),(6,1950,'memorized','2026-06-18 11:09:57'),(6,1951,'memorized','2026-05-19 09:13:53'),(6,1952,'memorized','2026-05-19 09:13:53'),(6,1953,'memorized','2026-06-24 08:15:15'),(6,1954,'memorized','2026-06-18 11:10:00'),(6,1955,'memorized','2026-06-18 11:10:02'),(6,1956,'memorized','2026-06-24 08:15:20'),(6,1957,'memorized','2026-06-19 11:43:55'),(6,1958,'memorized','2026-05-19 09:13:57'),(6,1960,'memorized','2026-06-19 11:44:00'),(6,1961,'memorized','2026-05-19 09:15:26'),(6,1962,'memorized','2026-05-19 09:15:25'),(6,1963,'memorized','2026-05-19 09:15:27'),(6,1964,'memorized','2026-05-19 09:14:03'),(6,1965,'memorized','2026-05-19 09:15:28'),(6,1966,'memorized','2026-05-19 09:15:29'),(6,1967,'memorized','2026-05-19 09:15:30'),(6,1969,'memorized','2026-05-19 09:15:32'),(6,1970,'memorized','2026-06-18 11:10:08'),(6,1971,'memorized','2026-05-19 09:15:36'),(6,1972,'memorized','2026-05-19 09:15:37'),(6,1973,'memorized','2026-05-19 09:15:40'),(6,1974,'memorized','2026-05-19 09:15:41'),(6,1975,'memorized','2026-05-19 09:15:42'),(6,1976,'memorized','2026-06-19 11:43:59'),(6,1977,'memorized','2026-05-19 09:15:44'),(6,1978,'memorized','2026-05-19 09:15:46'),(6,1979,'memorized','2026-05-19 09:15:47'),(6,1980,'memorized','2026-05-19 09:15:48'),(6,1981,'memorized','2026-05-19 09:15:53'),(6,1982,'memorized','2026-06-19 11:44:03'),(6,1983,'memorized','2026-06-18 11:10:15'),(6,1984,'memorized','2026-06-19 11:44:06'),(6,1985,'memorized','2026-06-18 11:10:20'),(6,1986,'memorized','2026-06-18 11:10:23'),(6,1987,'memorized','2026-06-18 11:10:29'),(6,1988,'memorized','2026-06-18 11:10:32'),(6,1989,'memorized','2026-05-19 09:16:05'),(6,1990,'memorized','2026-05-19 09:16:06'),(6,1991,'memorized','2026-05-19 09:16:07'),(6,1992,'memorized','2026-05-19 09:16:09'),(6,1994,'memorized','2026-06-18 11:10:36'),(6,1995,'memorized','2026-06-24 08:15:26'),(6,1996,'memorized','2026-06-18 11:10:42'),(6,1997,'memorized','2026-05-19 09:16:14'),(6,1998,'memorized','2026-06-18 11:10:40'),(6,1999,'memorized','2026-05-19 09:16:18'),(6,2000,'memorized','2026-06-18 11:10:44'),(6,2001,'memorized','2026-05-19 09:16:22'),(6,2003,'memorized','2026-06-18 11:10:50'),(6,2004,'memorized','2026-06-18 11:10:47'),(6,2005,'memorized','2026-05-19 09:16:25'),(6,2006,'memorized','2026-06-19 11:44:14'),(6,2008,'memorized','2026-06-24 08:15:29'),(6,2009,'memorized','2026-05-19 09:16:32'),(6,2010,'memorized','2026-06-18 11:10:53'),(6,2011,'memorized','2026-06-19 11:44:18'),(6,2012,'memorized','2026-06-18 11:10:57'),(6,2013,'memorized','2026-05-19 09:16:36'),(6,2014,'memorized','2026-05-19 09:16:40'),(6,2015,'memorized','2026-05-19 09:16:39'),(6,2016,'memorized','2026-06-18 11:11:00'),(6,2017,'memorized','2026-05-19 09:16:42'),(6,2018,'memorized','2026-06-18 11:11:02'),(6,2019,'memorized','2026-05-19 09:16:44'),(6,2020,'memorized','2026-05-19 09:16:45'),(6,2021,'memorized','2026-05-19 09:16:48'),(6,2022,'memorized','2026-05-19 09:16:55'),(6,2023,'memorized','2026-05-19 09:16:50'),(6,2025,'memorized','2026-05-19 09:16:51'),(6,2026,'memorized','2026-05-19 09:16:52'),(6,2027,'memorized','2026-06-24 08:15:33'),(6,2028,'memorized','2026-06-24 08:15:43'),(6,2029,'memorized','2026-05-19 09:16:57'),(6,2032,'memorized','2026-05-19 09:17:00'),(6,2033,'memorized','2026-05-19 09:17:01'),(6,2034,'memorized','2026-05-19 09:17:05'),(6,2035,'memorized','2026-06-24 08:15:48'),(6,2036,'memorized','2026-06-24 08:15:49'),(6,2037,'memorized','2026-06-24 08:15:52'),(6,2038,'memorized','2026-06-24 08:15:54'),(6,2039,'memorized','2026-05-19 09:17:12'),(6,2040,'memorized','2026-05-19 09:17:11'),(6,2041,'memorized','2026-06-19 11:44:27'),(6,2042,'memorized','2026-05-19 09:17:10'),(6,2046,'memorized','2026-06-24 08:16:00'),(6,2049,'memorized','2026-06-18 11:11:19'),(6,2050,'memorized','2026-06-18 11:11:14'),(6,2051,'memorized','2026-06-24 08:16:04'),(6,2052,'memorized','2026-06-18 11:11:17'),(6,2053,'memorized','2026-05-19 09:24:05'),(6,2054,'memorized','2026-05-19 09:24:06'),(6,2055,'memorized','2026-05-19 09:24:07'),(6,2056,'memorized','2026-05-19 09:24:08'),(6,2057,'memorized','2026-05-19 09:24:10'),(6,2058,'memorized','2026-06-19 11:54:47'),(6,2059,'memorized','2026-06-19 11:54:48'),(6,2060,'memorized','2026-05-19 09:24:13'),(6,2061,'memorized','2026-06-19 11:54:49'),(6,2062,'memorized','2026-06-19 11:54:50'),(6,2063,'memorized','2026-06-19 11:54:51'),(6,2064,'memorized','2026-05-19 09:24:18'),(6,2065,'memorized','2026-05-19 09:24:19'),(6,2066,'memorized','2026-05-19 09:24:20'),(6,2067,'memorized','2026-05-19 09:24:21'),(6,2068,'memorized','2026-05-19 09:22:52'),(6,2069,'memorized','2026-05-19 09:22:54'),(6,2070,'memorized','2026-05-19 09:22:55'),(6,2071,'memorized','2026-05-19 09:22:55'),(6,2072,'memorized','2026-05-19 09:22:56'),(6,2073,'memorized','2026-05-19 09:22:57'),(6,2074,'memorized','2026-05-19 09:22:58'),(6,2075,'memorized','2026-05-19 09:22:59'),(6,2076,'memorized','2026-05-19 09:23:00'),(6,2077,'memorized','2026-05-19 09:23:01'),(6,2078,'memorized','2026-05-19 09:23:27'),(6,2079,'memorized','2026-05-19 09:23:05'),(6,2080,'memorized','2026-05-19 09:23:05'),(6,2081,'memorized','2026-05-19 09:23:25'),(6,2082,'memorized','2026-05-19 09:23:08'),(6,2083,'memorized','2026-05-19 09:23:23'),(6,2084,'memorized','2026-05-19 09:23:13'),(6,2085,'memorized','2026-05-19 09:23:15'),(6,2086,'memorized','2026-05-19 09:23:16'),(6,2087,'memorized','2026-05-19 09:23:16'),(6,2088,'memorized','2026-05-19 09:23:18'),(6,2089,'memorized','2026-05-19 09:23:19'),(6,2090,'memorized','2026-05-19 09:23:21'),(6,2091,'memorized','2026-05-19 09:22:26'),(6,2092,'memorized','2026-05-19 09:22:27'),(6,2093,'memorized','2026-06-19 11:54:56'),(6,2094,'memorized','2026-06-19 11:54:56'),(6,2095,'memorized','2026-05-19 09:22:31'),(6,2098,'memorized','2026-06-24 08:18:09'),(6,2099,'memorized','2026-06-19 11:55:00'),(6,2100,'memorized','2026-05-19 09:22:35'),(6,2101,'memorized','2026-05-19 09:22:35'),(6,2102,'memorized','2026-05-19 09:22:37'),(6,2103,'memorized','2026-05-19 09:22:37'),(6,2104,'memorized','2026-05-19 09:22:38'),(6,2105,'memorized','2026-05-19 09:22:41'),(6,2108,'memorized','2026-05-19 09:23:37'),(6,2109,'memorized','2026-05-19 09:23:55'),(6,2110,'memorized','2026-05-19 09:23:40'),(6,2111,'memorized','2026-05-19 09:23:41'),(6,2112,'memorized','2026-05-19 09:23:43'),(6,2113,'memorized','2026-05-19 09:23:44'),(6,2114,'memorized','2026-05-19 09:23:45'),(6,2115,'memorized','2026-05-19 09:23:47'),(6,2116,'memorized','2026-05-19 09:23:48'),(6,2117,'memorized','2026-06-24 08:18:59'),(6,2118,'memorized','2026-06-24 08:19:00'),(6,2121,'memorized','2026-05-19 09:25:08'),(6,2122,'memorized','2026-05-19 09:25:08'),(6,2124,'memorized','2026-05-19 09:25:10'),(6,2125,'memorized','2026-06-24 08:19:17'),(6,2126,'memorized','2026-06-24 08:19:16'),(6,2127,'learning','2026-06-24 08:19:11'),(6,2128,'memorized','2026-06-24 08:19:13'),(6,2130,'memorized','2026-06-24 08:19:20'),(6,2131,'memorized','2026-05-19 09:25:15'),(6,2132,'memorized','2026-06-24 08:19:21'),(6,2133,'memorized','2026-05-19 09:25:42'),(6,2135,'memorized','2026-05-19 09:25:41'),(6,2137,'memorized','2026-05-19 09:24:35'),(6,2139,'memorized','2026-06-24 08:18:29'),(6,2141,'memorized','2026-06-24 08:18:32'),(6,2142,'memorized','2026-06-24 08:18:33'),(6,2143,'memorized','2026-06-24 08:18:36'),(6,2144,'memorized','2026-06-24 08:18:38'),(6,2145,'memorized','2026-05-19 09:24:42'),(6,2148,'memorized','2026-06-14 08:39:26'),(6,2149,'memorized','2026-06-14 08:39:27'),(6,2150,'memorized','2026-06-14 08:39:28'),(6,2153,'memorized','2026-06-14 08:39:32'),(6,2155,'memorized','2026-06-14 08:40:53'),(6,2156,'memorized','2026-06-14 08:40:48'),(6,2157,'memorized','2026-06-14 08:40:55'),(6,2158,'memorized','2026-06-14 08:40:51'),(6,2160,'memorized','2026-06-14 08:40:59'),(6,2161,'memorized','2026-06-14 08:40:58'),(6,2163,'memorized','2026-06-14 08:41:01'),(6,2164,'memorized','2026-06-14 08:41:03'),(6,2166,'memorized','2026-06-14 08:41:05'),(6,2167,'memorized','2026-06-14 08:41:06'),(6,2168,'memorized','2026-06-14 08:41:07'),(6,2169,'memorized','2026-06-14 08:41:08'),(6,2172,'memorized','2026-06-14 08:41:10'),(6,2173,'memorized','2026-06-14 08:41:11'),(6,2174,'memorized','2026-06-14 08:41:12'),(6,2176,'memorized','2026-06-14 08:41:13'),(6,2181,'memorized','2026-06-14 08:41:17'),(6,2182,'memorized','2026-06-22 01:43:30'),(6,2183,'memorized','2026-06-14 08:41:18'),(6,2184,'memorized','2026-06-22 01:43:32'),(6,2187,'memorized','2026-06-14 08:41:24'),(6,2189,'memorized','2026-06-14 08:41:27'),(6,2193,'memorized','2026-06-22 01:43:40'),(6,2195,'memorized','2026-06-22 01:43:42'),(6,2196,'memorized','2026-06-14 08:41:33'),(6,2197,'memorized','2026-06-14 08:41:33'),(6,2199,'memorized','2026-06-22 01:43:44'),(6,2203,'memorized','2026-06-14 08:41:49'),(6,2204,'memorized','2026-06-22 01:43:51'),(6,2205,'memorized','2026-06-22 01:43:52'),(6,2206,'memorized','2026-06-14 08:41:55'),(6,2210,'memorized','2026-06-14 08:42:13'),(6,2214,'memorized','2026-06-14 08:42:18'),(6,2215,'memorized','2026-06-14 08:42:20'),(6,2217,'memorized','2026-06-22 01:44:04'),(6,2220,'memorized','2026-06-14 08:42:26'),(6,2221,'memorized','2026-06-14 08:42:26'),(6,2222,'memorized','2026-06-14 08:42:29'),(6,2223,'memorized','2026-06-14 08:42:30'),(6,2224,'memorized','2026-06-14 08:42:31'),(6,2226,'memorized','2026-06-14 08:42:32'),(6,2227,'memorized','2026-06-14 08:42:34'),(6,2228,'memorized','2026-06-14 08:42:35'),(6,2229,'memorized','2026-06-14 08:42:36'),(6,2231,'memorized','2026-06-14 08:42:38'),(6,2232,'memorized','2026-06-14 08:42:39'),(6,2233,'memorized','2026-06-22 01:44:12'),(6,2236,'memorized','2026-06-22 01:44:18'),(6,2237,'memorized','2026-06-14 08:42:43'),(6,2238,'memorized','2026-06-14 08:42:43'),(6,2239,'memorized','2026-06-14 08:42:44'),(6,2240,'memorized','2026-06-22 01:44:19'),(6,2241,'memorized','2026-06-22 01:44:20'),(6,2242,'memorized','2026-06-14 08:43:36'),(6,2243,'memorized','2026-06-14 08:43:37'),(6,2245,'memorized','2026-06-14 08:43:38'),(6,2246,'memorized','2026-06-14 08:43:40'),(6,2248,'memorized','2026-06-22 01:44:24'),(6,2249,'memorized','2026-06-22 01:44:25'),(6,2250,'memorized','2026-06-22 01:44:26'),(6,2252,'memorized','2026-06-22 01:44:28'),(6,2253,'memorized','2026-06-14 08:43:46'),(6,2254,'memorized','2026-06-22 01:44:30'),(6,2256,'memorized','2026-06-14 08:43:48'),(6,2257,'memorized','2026-06-22 01:44:33'),(6,2258,'memorized','2026-06-14 08:43:50'),(6,2259,'memorized','2026-06-22 01:44:35'),(6,2261,'memorized','2026-06-22 01:44:37'),(6,2262,'memorized','2026-06-22 01:44:40'),(6,2263,'memorized','2026-06-14 08:43:55'),(6,2264,'memorized','2026-06-14 08:44:03'),(6,2265,'memorized','2026-06-14 08:44:01'),(6,2266,'memorized','2026-06-14 08:44:02'),(6,2267,'memorized','2026-06-22 01:44:50'),(6,2268,'memorized','2026-06-14 08:44:04'),(6,2269,'memorized','2026-06-14 08:44:05'),(6,2270,'memorized','2026-06-14 08:44:06'),(6,2271,'memorized','2026-06-14 08:44:07'),(6,2273,'memorized','2026-06-14 08:44:08'),(6,2274,'memorized','2026-06-14 08:44:09'),(6,2275,'memorized','2026-06-22 01:44:52'),(6,2276,'memorized','2026-06-14 08:44:12'),(6,2277,'memorized','2026-06-22 01:44:54'),(6,2280,'memorized','2026-06-14 08:44:15'),(6,2282,'memorized','2026-06-14 08:44:17'),(6,2283,'memorized','2026-06-14 08:44:18'),(6,2284,'memorized','2026-06-22 01:45:03'),(6,2287,'memorized','2026-06-22 01:45:12'),(6,2288,'memorized','2026-06-14 08:44:22'),(6,2289,'memorized','2026-06-14 08:44:23'),(6,2291,'memorized','2026-06-14 08:44:25'),(6,2293,'memorized','2026-06-14 08:44:26'),(6,2295,'memorized','2026-06-22 01:45:17'),(6,2296,'memorized','2026-06-14 08:44:28'),(6,2297,'memorized','2026-06-14 08:44:29'),(6,2298,'memorized','2026-06-14 08:44:31'),(6,2299,'memorized','2026-06-14 08:44:33'),(6,2301,'memorized','2026-06-14 08:44:35'),(6,2304,'memorized','2026-06-14 08:44:38'),(6,2305,'memorized','2026-06-22 01:45:25'),(6,2306,'memorized','2026-06-14 08:44:40'),(6,2307,'memorized','2026-06-22 01:45:27'),(6,2309,'memorized','2026-06-22 01:45:43'),(6,2310,'memorized','2026-06-15 10:26:00'),(6,2311,'memorized','2026-06-15 10:26:01'),(6,2313,'memorized','2026-06-15 10:26:03'),(6,2314,'memorized','2026-06-22 01:45:48'),(6,2316,'memorized','2026-06-15 10:26:13'),(6,2317,'memorized','2026-06-22 01:45:52'),(6,2318,'memorized','2026-06-15 10:26:12'),(6,2319,'memorized','2026-06-15 10:26:15'),(6,2321,'memorized','2026-06-22 01:47:58'),(6,2322,'memorized','2026-06-15 10:26:23'),(6,2323,'memorized','2026-06-22 01:47:59'),(6,2324,'memorized','2026-06-15 10:26:31'),(6,2325,'memorized','2026-06-15 10:26:32'),(6,2326,'memorized','2026-06-15 10:26:33'),(6,2327,'memorized','2026-06-15 10:26:35'),(6,2330,'memorized','2026-06-15 10:26:37'),(6,2332,'memorized','2026-06-22 01:49:25'),(6,2333,'memorized','2026-06-15 10:26:42'),(6,2334,'memorized','2026-06-15 10:26:44'),(6,2336,'memorized','2026-06-22 01:49:29'),(6,2337,'memorized','2026-06-15 10:26:46'),(6,2338,'memorized','2026-06-15 10:26:47'),(6,2339,'memorized','2026-06-22 01:49:33'),(6,2341,'memorized','2026-06-15 10:26:51'),(6,2342,'memorized','2026-06-22 01:49:34'),(6,2343,'memorized','2026-06-15 10:26:53'),(6,2344,'memorized','2026-06-22 01:49:35'),(6,2351,'memorized','2026-06-15 10:27:04'),(6,2352,'memorized','2026-06-15 10:27:05'),(6,2353,'memorized','2026-06-15 10:27:05'),(6,2354,'memorized','2026-06-15 10:27:06'),(6,2355,'memorized','2026-06-15 10:27:07'),(6,2357,'memorized','2026-06-15 10:27:08'),(6,2358,'memorized','2026-06-15 10:27:09'),(6,2361,'memorized','2026-06-15 10:30:06'),(6,2363,'memorized','2026-06-15 10:30:04'),(6,2366,'memorized','2026-06-15 10:30:09'),(6,2367,'memorized','2026-06-15 10:30:10'),(6,2369,'memorized','2026-06-15 10:30:11'),(6,2372,'memorized','2026-06-15 10:30:13'),(6,2373,'memorized','2026-06-15 10:30:14'),(6,2374,'memorized','2026-06-15 10:30:16'),(6,2381,'memorized','2026-06-15 10:30:21'),(6,2384,'memorized','2026-06-15 10:30:24'),(6,2385,'memorized','2026-06-15 10:30:26'),(6,2386,'memorized','2026-06-15 10:30:27'),(6,2387,'memorized','2026-06-15 10:30:28'),(6,2388,'memorized','2026-06-15 10:30:29'),(6,2389,'memorized','2026-06-15 10:30:30'),(6,2391,'memorized','2026-06-15 10:30:32'),(6,2392,'memorized','2026-06-15 10:30:33'),(6,2393,'memorized','2026-06-15 10:30:35'),(6,2395,'memorized','2026-06-15 10:30:49'),(6,2397,'memorized','2026-06-22 01:49:59'),(6,2398,'memorized','2026-06-15 10:31:28'),(6,2399,'memorized','2026-06-15 10:31:30'),(6,2400,'memorized','2026-06-22 01:50:02'),(6,2401,'memorized','2026-06-22 01:50:02'),(6,2403,'memorized','2026-06-15 10:31:34'),(6,2405,'memorized','2026-06-15 10:31:35'),(6,2406,'memorized','2026-06-15 10:31:36'),(6,2407,'memorized','2026-06-15 10:31:37'),(6,2408,'memorized','2026-06-15 10:31:39'),(6,2409,'memorized','2026-06-22 01:50:07'),(6,2410,'memorized','2026-06-15 10:31:48'),(6,2411,'memorized','2026-06-15 10:31:43'),(6,2412,'memorized','2026-06-15 10:31:44'),(6,2413,'memorized','2026-06-22 01:50:08'),(6,2414,'memorized','2026-06-15 10:31:46'),(6,2415,'memorized','2026-06-15 10:31:52'),(6,2416,'memorized','2026-06-15 10:31:51'),(6,2417,'memorized','2026-06-15 10:31:49'),(6,2418,'memorized','2026-06-15 10:31:50'),(6,2420,'memorized','2026-06-15 10:31:55'),(6,2423,'memorized','2026-06-15 10:32:17'),(6,2424,'memorized','2026-06-15 10:32:15'),(6,2425,'memorized','2026-06-15 10:32:14'),(6,2428,'memorized','2026-06-15 10:32:23'),(6,2431,'memorized','2026-06-15 10:32:26'),(6,2432,'memorized','2026-06-15 10:32:27'),(6,2433,'memorized','2026-06-15 10:32:29'),(6,2435,'memorized','2026-06-15 10:32:32'),(6,2436,'memorized','2026-06-15 10:32:33'),(6,2437,'memorized','2026-06-15 10:32:34'),(6,2438,'memorized','2026-06-15 10:32:35'),(6,2440,'memorized','2026-06-15 10:32:37'),(6,2441,'memorized','2026-06-15 10:32:40'),(6,2443,'memorized','2026-06-15 10:32:41'),(6,2444,'memorized','2026-06-15 10:32:42'),(6,2445,'memorized','2026-06-15 10:32:43'),(6,2446,'memorized','2026-06-15 10:32:44'),(6,2447,'memorized','2026-06-15 10:32:45'),(6,2448,'memorized','2026-06-15 10:32:45'),(6,2449,'memorized','2026-06-15 10:32:47'),(6,2450,'memorized','2026-06-15 10:32:48'),(6,2451,'memorized','2026-06-15 10:32:48'),(6,2452,'memorized','2026-06-15 10:32:50'),(6,2454,'memorized','2026-06-15 10:32:53'),(6,2455,'memorized','2026-06-15 10:32:54'),(6,2456,'memorized','2026-06-15 10:32:55'),(6,2457,'memorized','2026-06-22 01:58:19'),(6,2458,'memorized','2026-06-15 10:32:58'),(6,2459,'memorized','2026-06-15 10:32:59'),(6,2460,'memorized','2026-06-15 10:33:00'),(6,2461,'memorized','2026-06-15 10:33:02'),(6,2462,'memorized','2026-06-15 10:33:03'),(6,2463,'memorized','2026-06-15 10:33:04'),(6,2464,'memorized','2026-06-22 01:58:23'),(6,2465,'memorized','2026-06-22 01:58:22'),(6,2466,'memorized','2026-06-22 01:58:20'),(6,2467,'memorized','2026-06-15 10:33:08'),(6,2472,'memorized','2026-06-17 05:35:13'),(6,2473,'memorized','2026-06-17 05:35:14'),(6,2476,'memorized','2026-06-17 05:35:18'),(6,2477,'memorized','2026-06-17 05:35:21'),(6,2478,'memorized','2026-06-17 05:35:23'),(6,2479,'memorized','2026-06-17 05:35:24'),(6,2483,'memorized','2026-06-17 05:35:33'),(6,2489,'memorized','2026-06-17 05:35:47'),(6,2490,'memorized','2026-06-17 05:35:49'),(6,2493,'memorized','2026-06-17 05:35:53'),(6,2494,'memorized','2026-06-17 05:35:56'),(6,2495,'memorized','2026-06-17 05:35:57'),(6,2498,'memorized','2026-06-17 05:36:09'),(6,2499,'memorized','2026-06-17 05:36:10'),(6,2502,'memorized','2026-06-17 05:36:13'),(6,2503,'memorized','2026-06-17 05:36:14'),(6,2504,'memorized','2026-06-17 05:36:15'),(6,2507,'memorized','2026-06-17 05:36:20'),(6,2508,'memorized','2026-06-17 05:36:22'),(6,2510,'memorized','2026-06-17 05:36:25'),(6,2511,'memorized','2026-06-17 05:36:26'),(6,2514,'memorized','2026-06-17 05:36:30'),(6,2516,'memorized','2026-06-17 05:36:32'),(6,2521,'memorized','2026-06-17 05:36:40'),(6,2523,'memorized','2026-06-17 05:36:42'),(6,2524,'memorized','2026-06-17 05:36:43'),(6,2527,'memorized','2026-06-17 05:36:45'),(6,2528,'memorized','2026-06-17 05:36:48'),(6,2529,'memorized','2026-06-17 05:36:49'),(6,2530,'memorized','2026-06-17 05:36:51'),(6,2531,'memorized','2026-06-17 05:36:52'),(6,2535,'memorized','2026-06-17 05:36:59'),(6,2538,'memorized','2026-06-17 05:37:02'),(6,2540,'memorized','2026-06-17 05:37:04'),(6,2541,'memorized','2026-06-17 05:37:05'),(6,2545,'memorized','2026-06-17 05:37:13'),(6,2546,'memorized','2026-06-17 05:37:15'),(6,2548,'memorized','2026-06-17 05:37:18'),(6,2550,'memorized','2026-06-17 05:37:20'),(6,2552,'memorized','2026-06-17 05:37:21'),(6,2553,'memorized','2026-06-17 05:37:23'),(6,2554,'memorized','2026-06-17 05:37:24'),(6,2555,'memorized','2026-06-17 05:37:25'),(6,2556,'memorized','2026-06-17 05:37:27'),(6,2557,'memorized','2026-06-17 05:37:29'),(6,2558,'memorized','2026-06-17 05:37:30'),(6,2559,'memorized','2026-06-17 05:37:31'),(6,2560,'memorized','2026-06-17 05:37:32'),(6,2562,'memorized','2026-06-17 05:37:42'),(6,2563,'memorized','2026-06-17 05:37:37'),(6,2564,'memorized','2026-06-17 05:37:40'),(6,2565,'memorized','2026-06-17 05:37:43'),(6,2567,'memorized','2026-06-17 05:37:44'),(6,2569,'memorized','2026-06-17 05:37:47'),(6,2573,'memorized','2026-06-17 05:38:08'),(6,2575,'memorized','2026-06-17 05:38:11'),(6,2576,'memorized','2026-06-17 05:38:12'),(6,2577,'memorized','2026-06-17 05:38:15'),(6,2579,'memorized','2026-06-17 05:38:18'),(6,2581,'memorized','2026-06-17 05:38:21'),(6,2583,'memorized','2026-06-17 05:38:23'),(6,2584,'memorized','2026-06-17 05:38:24'),(6,2587,'memorized','2026-06-17 05:38:29'),(6,2588,'memorized','2026-06-17 05:38:32'),(6,2589,'memorized','2026-06-17 05:38:36'),(6,2590,'memorized','2026-06-17 05:38:37'),(6,2591,'memorized','2026-06-17 05:38:38'),(6,2592,'memorized','2026-06-17 05:38:40'),(6,2593,'memorized','2026-06-17 05:38:41'),(6,2594,'memorized','2026-06-17 05:38:42'),(6,2595,'memorized','2026-06-17 05:38:44'),(6,2596,'memorized','2026-06-17 05:38:45'),(6,2597,'memorized','2026-06-17 05:38:46'),(6,2599,'memorized','2026-06-17 05:38:47'),(6,2605,'memorized','2026-06-17 05:39:03'),(6,2612,'memorized','2026-06-17 05:39:13'),(6,2613,'memorized','2026-06-17 05:39:15'),(6,2614,'memorized','2026-06-17 05:39:16'),(6,2616,'memorized','2026-06-17 05:39:18'),(6,2617,'memorized','2026-06-17 05:39:20'),(6,2621,'memorized','2026-06-17 05:39:24'),(6,2622,'memorized','2026-06-17 05:39:27'),(6,2625,'memorized','2026-06-17 05:39:30'),(6,2627,'memorized','2026-06-17 05:39:32'),(6,2628,'memorized','2026-06-17 05:39:33'),(6,2630,'memorized','2026-06-17 05:39:35'),(6,2633,'memorized','2026-06-17 05:39:38'),(6,2634,'memorized','2026-06-17 05:39:39'),(6,2635,'memorized','2026-06-17 05:39:41'),(6,2637,'memorized','2026-06-17 05:40:29'),(6,2638,'memorized','2026-06-17 05:40:31'),(6,2641,'memorized','2026-06-17 05:40:34'),(6,2642,'memorized','2026-06-17 05:40:35'),(6,2643,'memorized','2026-06-17 05:40:36'),(6,2644,'memorized','2026-06-17 05:40:38'),(6,2645,'memorized','2026-06-17 05:40:40'),(6,2646,'memorized','2026-06-18 07:35:15'),(6,2648,'memorized','2026-06-17 05:40:42'),(6,2649,'memorized','2026-06-17 05:40:43'),(6,2650,'memorized','2026-06-17 05:40:46'),(6,2651,'memorized','2026-06-18 07:35:19'),(6,2652,'memorized','2026-06-17 05:40:47'),(6,2653,'memorized','2026-06-17 05:40:49'),(6,2655,'memorized','2026-06-17 05:40:58'),(6,2656,'memorized','2026-06-17 05:41:00'),(6,2657,'memorized','2026-06-18 07:35:22'),(6,2658,'memorized','2026-06-17 05:41:02'),(6,2659,'memorized','2026-06-18 07:35:29'),(6,2660,'memorized','2026-06-18 07:35:27'),(6,2661,'memorized','2026-06-17 05:41:04'),(6,2663,'memorized','2026-06-18 07:35:34'),(6,2664,'memorized','2026-06-17 05:41:07'),(6,2665,'memorized','2026-06-18 07:35:37'),(6,2666,'memorized','2026-06-18 07:35:39'),(6,2667,'memorized','2026-06-18 07:35:41'),(6,2668,'memorized','2026-06-18 07:35:44'),(6,2669,'memorized','2026-06-18 07:35:46'),(6,2670,'memorized','2026-06-18 07:35:49'),(6,2671,'memorized','2026-06-17 05:41:17'),(6,2672,'memorized','2026-06-17 05:41:19'),(6,2674,'memorized','2026-06-18 07:35:52'),(6,2676,'memorized','2026-06-18 07:36:02'),(6,2677,'memorized','2026-06-17 05:41:23'),(6,2681,'memorized','2026-06-17 05:41:26'),(6,2682,'memorized','2026-06-17 05:41:27'),(6,2792,'memorized','2026-06-02 12:04:52'),(6,2795,'memorized','2026-06-21 02:23:05'),(6,2798,'memorized','2026-06-21 02:23:11'),(6,2799,'memorized','2026-05-22 14:36:08'),(6,2800,'memorized','2026-06-21 02:23:09'),(6,2802,'memorized','2026-06-21 02:23:15'),(6,2804,'memorized','2026-06-21 02:23:19'),(6,2805,'memorized','2026-06-21 02:23:20'),(6,2806,'memorized','2026-06-21 02:23:22'),(6,2807,'memorized','2026-06-02 12:04:59'),(6,2808,'memorized','2026-06-21 02:23:29'),(6,2811,'memorized','2026-06-02 12:05:12'),(6,2812,'memorized','2026-06-02 12:05:03'),(6,2813,'memorized','2026-06-02 12:05:11'),(6,2814,'memorized','2026-06-02 12:05:06'),(6,2815,'memorized','2026-06-02 12:05:09'),(6,2817,'memorized','2026-06-21 02:23:31'),(6,2818,'memorized','2026-06-21 02:23:37'),(6,2820,'memorized','2026-06-21 02:23:41'),(6,2821,'memorized','2026-06-21 02:23:46'),(6,2823,'memorized','2026-06-21 02:23:54'),(6,2824,'memorized','2026-06-21 02:24:01'),(6,2825,'memorized','2026-06-21 02:23:57'),(6,2826,'memorized','2026-06-21 02:24:03'),(6,2827,'memorized','2026-06-21 02:24:03'),(6,2828,'memorized','2026-06-21 02:24:05'),(6,2829,'memorized','2026-06-21 02:24:06'),(6,2830,'memorized','2026-06-21 02:24:13'),(6,2831,'memorized','2026-06-21 02:24:13'),(6,2832,'memorized','2026-06-21 02:24:14'),(6,2833,'memorized','2026-06-21 02:24:16'),(6,2834,'memorized','2026-06-21 02:24:17'),(6,2835,'memorized','2026-06-21 02:24:20'),(6,2838,'memorized','2026-06-21 02:24:24'),(6,2839,'memorized','2026-06-21 02:24:36'),(6,2841,'memorized','2026-06-21 02:24:39'),(6,2842,'memorized','2026-06-21 02:24:42'),(6,2844,'memorized','2026-06-21 02:24:46'),(6,2845,'memorized','2026-06-21 02:24:47'),(6,2846,'memorized','2026-06-21 02:24:49'),(6,2847,'memorized','2026-06-21 02:24:51'),(6,2849,'memorized','2026-06-21 02:25:00'),(6,2852,'memorized','2026-06-21 02:25:04'),(6,2853,'memorized','2026-06-21 02:25:06'),(6,2854,'memorized','2026-06-21 02:25:09'),(6,2855,'memorized','2026-06-21 02:25:10'),(6,2856,'memorized','2026-06-21 02:25:11'),(6,2857,'memorized','2026-06-21 02:25:13'),(6,2858,'memorized','2026-06-21 02:25:15'),(6,2859,'memorized','2026-06-21 02:25:16'),(6,2862,'memorized','2026-06-21 02:25:20'),(6,2864,'memorized','2026-06-21 02:25:28'),(6,2865,'memorized','2026-06-21 02:25:39'),(6,2866,'memorized','2026-06-21 02:25:41'),(6,2871,'memorized','2026-06-21 02:25:51'),(6,2872,'memorized','2026-06-21 02:25:52'),(6,2873,'memorized','2026-06-21 02:25:54'),(6,2875,'memorized','2026-06-21 02:26:01'),(6,2876,'memorized','2026-06-21 02:26:03'),(6,2879,'memorized','2026-06-21 02:26:10'),(6,2880,'memorized','2026-06-21 02:26:12'),(6,2881,'memorized','2026-06-21 02:26:23'),(6,2883,'memorized','2026-06-21 02:26:28'),(6,2884,'memorized','2026-06-21 02:26:31'),(6,2885,'memorized','2026-06-21 02:26:32'),(6,2886,'memorized','2026-06-21 02:26:35'),(6,2887,'memorized','2026-06-21 02:26:36'),(6,2888,'memorized','2026-06-21 02:26:36'),(6,2889,'memorized','2026-06-21 02:26:38'),(6,2890,'memorized','2026-06-21 02:26:39'),(6,2891,'memorized','2026-06-21 02:26:40'),(6,2892,'memorized','2026-06-21 02:26:42'),(6,2893,'memorized','2026-06-21 02:26:47'),(6,2898,'memorized','2026-06-21 02:27:08'),(6,2900,'memorized','2026-06-21 02:27:12'),(6,2901,'memorized','2026-06-21 02:27:15'),(6,2904,'memorized','2026-06-21 02:27:32'),(6,2906,'memorized','2026-06-21 02:27:33'),(6,2908,'memorized','2026-06-21 02:27:35'),(6,2909,'memorized','2026-06-21 02:27:37'),(6,2914,'memorized','2026-06-21 02:27:42'),(6,2915,'memorized','2026-06-21 02:27:44'),(6,2916,'memorized','2026-06-21 02:27:47'),(6,2919,'memorized','2026-06-21 02:27:52'),(6,2920,'memorized','2026-06-21 02:27:55'),(6,2922,'memorized','2026-06-21 02:27:58'),(6,2923,'memorized','2026-06-21 02:28:02'),(6,2928,'memorized','2026-06-21 02:28:06'),(6,2934,'memorized','2026-06-21 02:28:16'),(6,2935,'memorized','2026-06-21 02:28:19'),(6,2936,'memorized','2026-06-21 02:28:20'),(6,2937,'memorized','2026-06-21 02:28:21'),(6,2939,'memorized','2026-06-21 02:28:26'),(6,2940,'memorized','2026-06-21 02:28:27'),(6,2945,'memorized','2026-06-21 02:28:34'),(6,2946,'memorized','2026-06-21 02:28:35'),(6,2947,'memorized','2026-06-21 02:28:37'),(6,2948,'memorized','2026-06-21 02:28:39'),(6,2952,'memorized','2026-06-21 02:28:44'),(6,2957,'memorized','2026-06-21 02:28:50'),(6,2958,'memorized','2026-06-20 06:32:54'),(6,2959,'memorized','2026-06-20 06:32:41'),(6,2960,'memorized','2026-06-12 10:11:47'),(6,2961,'memorized','2026-06-20 06:32:42'),(6,2962,'memorized','2026-06-12 10:11:49'),(6,2963,'memorized','2026-06-12 10:11:50'),(6,2964,'memorized','2026-06-20 06:32:44'),(6,2965,'memorized','2026-06-20 06:32:57'),(6,2966,'memorized','2026-06-12 10:12:08'),(6,2967,'memorized','2026-06-20 06:32:47'),(6,2968,'memorized','2026-06-20 06:32:49'),(6,2969,'memorized','2026-06-12 10:11:56'),(6,2970,'memorized','2026-06-12 10:12:03'),(6,2971,'memorized','2026-06-20 06:32:50'),(6,2972,'memorized','2026-06-12 10:11:57'),(6,2973,'memorized','2026-06-12 10:11:59'),(6,2974,'memorized','2026-06-12 10:12:00'),(6,2975,'memorized','2026-06-12 10:12:17'),(6,2976,'memorized','2026-06-12 10:12:18'),(6,2977,'memorized','2026-06-20 06:32:32'),(6,2978,'memorized','2026-06-12 10:12:20'),(6,2979,'memorized','2026-06-12 10:12:20'),(6,2980,'memorized','2026-06-12 10:12:22'),(6,2981,'memorized','2026-06-12 10:12:22'),(6,2982,'memorized','2026-06-12 10:12:23'),(6,2983,'memorized','2026-06-12 10:12:24'),(6,2984,'memorized','2026-06-12 10:12:25'),(6,2985,'memorized','2026-06-20 06:32:34'),(6,2986,'memorized','2026-06-12 10:11:40'),(6,2988,'memorized','2026-06-12 10:11:31'),(6,2989,'memorized','2026-06-12 10:11:32'),(6,2990,'memorized','2026-06-12 10:11:33'),(6,2991,'memorized','2026-06-12 10:11:33'),(6,2992,'memorized','2026-06-12 10:11:34'),(6,2994,'memorized','2026-06-12 10:11:36'),(6,2996,'memorized','2026-06-12 10:09:23'),(6,2997,'memorized','2026-06-20 06:48:52'),(6,2998,'memorized','2026-06-20 06:33:07'),(6,2999,'memorized','2026-06-20 06:33:08'),(6,3000,'memorized','2026-06-20 06:33:09'),(6,3001,'memorized','2026-06-20 06:33:11'),(6,3002,'memorized','2026-06-12 10:09:28'),(6,3003,'memorized','2026-06-20 06:33:13'),(6,3004,'memorized','2026-06-20 06:33:14'),(6,3005,'memorized','2026-06-12 10:09:32'),(6,3006,'memorized','2026-06-12 10:09:34'),(6,3007,'memorized','2026-06-12 10:09:38'),(6,3008,'memorized','2026-06-12 10:09:39'),(6,3009,'memorized','2026-06-20 06:33:15'),(6,3010,'memorized','2026-06-20 06:33:18'),(6,3011,'memorized','2026-06-20 06:33:20'),(6,3012,'memorized','2026-06-12 10:09:43'),(6,3013,'memorized','2026-06-12 10:09:44'),(6,3014,'memorized','2026-06-12 10:09:45'),(6,3015,'memorized','2026-06-12 10:09:46'),(6,3016,'memorized','2026-06-20 06:48:51'),(6,3017,'memorized','2026-06-12 10:09:47'),(6,3018,'memorized','2026-06-20 06:33:22'),(6,3019,'memorized','2026-06-20 06:33:25'),(6,3020,'memorized','2026-06-12 10:09:50'),(6,3021,'memorized','2026-06-12 10:09:52'),(6,3022,'memorized','2026-06-12 10:09:54'),(6,3023,'memorized','2026-06-12 10:09:55'),(6,3024,'memorized','2026-06-20 06:33:29'),(6,3025,'memorized','2026-06-20 06:33:30'),(6,3026,'memorized','2026-06-20 06:33:32'),(6,3027,'memorized','2026-06-12 10:09:58'),(6,3028,'memorized','2026-06-20 06:33:34'),(6,3029,'memorized','2026-06-20 06:48:53'),(6,3030,'memorized','2026-06-12 10:10:02'),(6,3031,'memorized','2026-06-20 06:33:38'),(6,3032,'memorized','2026-06-20 06:48:54'),(6,3033,'memorized','2026-06-12 10:10:05'),(6,3034,'memorized','2026-06-20 06:48:56'),(6,3035,'memorized','2026-06-12 10:10:07'),(6,3036,'memorized','2026-06-12 10:10:08'),(6,3037,'memorized','2026-06-20 06:35:23'),(6,3038,'memorized','2026-06-12 10:10:10'),(6,3039,'memorized','2026-06-12 10:10:11'),(6,3040,'memorized','2026-06-12 10:11:11'),(6,3041,'memorized','2026-06-20 06:48:58'),(6,3042,'memorized','2026-06-12 10:11:09'),(6,3043,'memorized','2026-06-12 10:11:09'),(6,3044,'memorized','2026-06-20 06:35:27'),(6,3045,'memorized','2026-06-20 06:35:29'),(6,3046,'memorized','2026-06-20 06:35:31'),(6,3047,'memorized','2026-06-20 06:35:32'),(6,3048,'memorized','2026-06-20 06:35:33'),(6,3049,'memorized','2026-06-20 06:35:34'),(6,3050,'memorized','2026-06-20 06:35:35'),(6,3051,'memorized','2026-06-20 06:48:59'),(6,3052,'memorized','2026-06-20 06:35:37'),(6,3053,'memorized','2026-06-20 06:35:38'),(6,3054,'memorized','2026-06-20 06:35:39'),(6,3055,'memorized','2026-06-12 10:11:21'),(6,3056,'memorized','2026-06-20 06:35:41'),(6,3057,'memorized','2026-06-20 06:35:40'),(6,3058,'learning','2026-06-20 06:49:01'),(6,3059,'memorized','2026-06-20 06:35:44'),(6,3060,'memorized','2026-06-12 10:11:23'),(6,3061,'memorized','2026-06-20 06:42:16'),(6,3062,'memorized','2026-06-20 06:35:48'),(6,3063,'memorized','2026-06-20 06:35:46'),(6,3064,'memorized','2026-06-20 06:35:51'),(6,3065,'memorized','2026-06-12 10:11:25'),(6,3066,'memorized','2026-06-12 10:11:25'),(6,3067,'memorized','2026-05-19 09:25:52'),(6,3068,'memorized','2026-05-19 09:25:53'),(6,3069,'memorized','2026-05-19 09:25:54'),(6,3070,'memorized','2026-05-19 09:25:56'),(6,3071,'memorized','2026-05-19 09:25:57'),(6,3072,'memorized','2026-05-19 09:25:58'),(6,3073,'memorized','2026-05-19 09:26:53'),(6,3074,'memorized','2026-06-24 08:19:44'),(6,3075,'memorized','2026-05-19 09:26:55'),(6,3076,'memorized','2026-05-19 09:26:56'),(6,3079,'memorized','2026-05-19 09:26:58'),(6,3080,'memorized','2026-05-19 09:27:00'),(6,3081,'memorized','2026-06-24 08:19:50'),(6,3082,'memorized','2026-06-24 08:19:51'),(6,3083,'memorized','2026-06-24 08:19:52'),(6,3084,'memorized','2026-05-19 09:27:04'),(6,3085,'memorized','2026-05-19 09:27:13'),(6,3086,'memorized','2026-05-19 09:27:12'),(6,3087,'memorized','2026-05-19 09:27:07'),(6,3088,'memorized','2026-05-19 09:27:07'),(6,3089,'memorized','2026-05-19 09:27:08'),(6,3090,'memorized','2026-05-19 09:27:09'),(6,3091,'memorized','2026-05-19 09:27:09'),(6,3093,'memorized','2026-06-24 08:19:56'),(6,3094,'memorized','2026-05-19 09:27:12'),(6,3097,'memorized','2026-05-19 09:27:15'),(6,3099,'memorized','2026-05-19 09:27:16'),(6,3100,'memorized','2026-05-19 09:27:17'),(6,3101,'memorized','2026-05-19 09:27:19'),(6,3102,'memorized','2026-05-19 09:27:20'),(6,3104,'memorized','2026-06-24 08:20:02'),(6,3105,'memorized','2026-05-19 09:27:23'),(6,3107,'memorized','2026-05-19 09:27:22'),(6,3108,'memorized','2026-06-24 08:20:05'),(6,3109,'memorized','2026-05-19 09:27:24'),(6,3110,'memorized','2026-05-19 09:27:25'),(6,3111,'memorized','2026-06-24 08:20:07'),(6,3112,'memorized','2026-06-24 08:20:09'),(6,3114,'memorized','2026-05-19 09:27:30'),(6,3115,'memorized','2026-06-24 08:19:35'),(6,3116,'memorized','2026-05-19 09:26:11'),(6,3117,'memorized','2026-06-24 08:19:36'),(6,3118,'memorized','2026-05-19 09:26:06'),(6,3119,'memorized','2026-05-19 09:26:08'),(6,3120,'memorized','2026-05-19 09:26:21'),(6,3121,'memorized','2026-05-19 09:26:22'),(6,3122,'memorized','2026-05-19 09:26:23'),(6,3123,'memorized','2026-05-19 09:26:24'),(6,3124,'memorized','2026-05-19 09:26:24'),(6,3125,'memorized','2026-05-19 09:26:26'),(6,3126,'memorized','2026-05-19 09:26:27'),(6,3127,'memorized','2026-05-19 09:26:48'),(6,3128,'memorized','2026-05-19 09:26:45'),(7,1724,'memorized','2026-05-16 05:53:19'),(7,1725,'memorized','2026-05-16 05:53:45'),(7,1726,'memorized','2026-05-16 05:53:48'),(7,1727,'memorized','2026-05-16 05:54:18'),(7,1728,'memorized','2026-05-16 05:54:20'),(8,1433,'memorized','2026-06-02 08:49:46'),(8,1434,'memorized','2026-06-02 08:49:47'),(8,1435,'memorized','2026-06-02 08:49:48'),(8,1436,'memorized','2026-06-02 08:49:49'),(8,1437,'memorized','2026-06-02 08:49:50'),(8,1438,'memorized','2026-06-02 08:49:51'),(8,1439,'memorized','2026-06-02 08:49:52'),(8,1440,'memorized','2026-06-02 08:49:53'),(8,1441,'memorized','2026-06-02 08:49:54'),(8,1724,'memorized','2026-06-02 08:48:48'),(8,1725,'memorized','2026-06-02 08:48:52'),(8,1726,'memorized','2026-06-02 08:48:54'),(8,1727,'memorized','2026-06-02 08:48:56'),(8,1728,'memorized','2026-06-02 08:48:57'),(8,1729,'memorized','2026-06-02 08:49:00'),(8,1730,'memorized','2026-06-02 08:49:03'),(8,1731,'memorized','2026-06-02 08:49:08'),(8,1732,'memorized','2026-06-02 08:49:10'),(8,1733,'memorized','2026-06-02 08:49:16'),(8,1734,'memorized','2026-06-02 08:49:18'),(8,1735,'memorized','2026-06-02 08:49:22'),(8,1736,'memorized','2026-06-02 08:49:23'),(8,1737,'memorized','2026-06-02 08:49:26'),(8,1738,'memorized','2026-06-02 08:49:27'),(8,1739,'memorized','2026-06-02 08:49:29'),(8,1741,'memorized','2026-06-02 08:49:33'),(8,1894,'memorized','2026-06-02 08:49:55'),(8,1895,'memorized','2026-06-02 08:49:57'),(8,1902,'memorized','2026-06-02 08:50:08'),(8,1903,'memorized','2026-06-02 08:50:10'),(9,1754,'memorized','2026-06-10 14:09:54'),(9,3069,'memorized','2026-06-10 14:11:54');
/*!40000 ALTER TABLE `user_words` ENABLE KEYS */;
UNLOCK TABLES;

--
-- Table structure for table `users`
--

DROP TABLE IF EXISTS `users`;
/*!40101 SET @saved_cs_client     = @@character_set_client */;
/*!40101 SET character_set_client = utf8mb4 */;
CREATE TABLE `users` (
  `user_id` int(11) NOT NULL AUTO_INCREMENT,
  `username` varchar(50) NOT NULL,
  `email` varchar(100) NOT NULL,
  `password_hash` varchar(255) NOT NULL,
  `created_at` timestamp NULL DEFAULT current_timestamp(),
  PRIMARY KEY (`user_id`) USING BTREE,
  UNIQUE KEY `email` (`email`) USING BTREE
) ENGINE=InnoDB AUTO_INCREMENT=10 DEFAULT CHARSET=utf8mb4 COLLATE=utf8mb4_general_ci ROW_FORMAT=DYNAMIC;
/*!40101 SET character_set_client = @saved_cs_client */;

--
-- Dumping data for table `users`
--

LOCK TABLES `users` WRITE;
/*!40000 ALTER TABLE `users` DISABLE KEYS */;
INSERT INTO `users` VALUES (3,'wido','wido@gmail.com','$2y$12$wQc45YdKZv6m39iOggH3TeAdaBKKlXT8zze0cinZuIJHPmTMiGg12','2026-05-02 23:39:27'),(4,'administrator','admin@gmail.com','$2y$12$wQc45YdKZv6m39iOggH3TeAdaBKKlXT8zze0cinZuIJHPmTMiGg12','2026-05-03 02:17:28'),(6,'afkarbrillian','afkarbrillian8@gmail.com','$2y$10$tXzaAAXKSXIBZiVKuiQO0.sG2RbclDxwaensJst8rkDbGLtX7aQFe','2026-05-16 04:23:48'),(7,'bayuega','aksaega380@gmail.com','$2y$10$bytdAu6/ObhEaYfnlEJtH.Ft0JTU.wLzuOxhT7H2UkgRdjv5LrhGa','2026-05-16 05:52:36'),(8,'Maser','darrwell08@gmail.com','$2y$10$P9dLy0DPisVZP7tnXPovLeswThD5CQqXeYYB3fWcuPllsHZ.vYA5q','2026-05-31 13:33:12'),(9,'naufal','naufalhardiantaalhazmi@gmail.com','$2y$10$qKgfAz/D4CdfCeRhVVzmmeVqsHqKprHz1ijHxhY1hF.vs14D.umiO','2026-06-10 14:08:21');
/*!40000 ALTER TABLE `users` ENABLE KEYS */;
UNLOCK TABLES;

--
-- Temporary table structure for view `view_progress`
--

DROP TABLE IF EXISTS `view_progress`;
/*!50001 DROP VIEW IF EXISTS `view_progress`*/;
SET @saved_cs_client     = @@character_set_client;
SET character_set_client = utf8mb4;
/*!50001 CREATE VIEW `view_progress` AS SELECT
 NULL AS `kategori`,
 NULL AS `subkategori`,
 NULL AS `total_kata`,
 NULL AS `jumlah_hafalan` */;
SET character_set_client = @saved_cs_client;

--
-- Table structure for table `words`
--

DROP TABLE IF EXISTS `words`;
/*!40101 SET @saved_cs_client     = @@character_set_client */;
/*!40101 SET character_set_client = utf8mb4 */;
CREATE TABLE `words` (
  `word_id` int(11) NOT NULL AUTO_INCREMENT,
  `subcategory_id` int(11) NOT NULL,
  `word_name` varchar(100) NOT NULL,
  `ipa` varchar(100) DEFAULT NULL,
  `translation` text NOT NULL,
  `note` text DEFAULT NULL,
  PRIMARY KEY (`word_id`) USING BTREE,
  KEY `subcategory_id` (`subcategory_id`) USING BTREE,
  CONSTRAINT `words_ibfk_1` FOREIGN KEY (`subcategory_id`) REFERENCES `subcategories` (`subcategory_id`) ON DELETE CASCADE
) ENGINE=InnoDB AUTO_INCREMENT=3129 DEFAULT CHARSET=utf8mb4 COLLATE=utf8mb4_general_ci ROW_FORMAT=DYNAMIC;
/*!40101 SET character_set_client = @saved_cs_client */;

--
-- Dumping data for table `words`
--

LOCK TABLES `words` WRITE;
/*!40000 ALTER TABLE `words` DISABLE KEYS */;
INSERT INTO `words` VALUES (1,3,'January','djènyuˌèri','Januari',NULL),(2,3,'February','fèbruˌèri','Februari',NULL),(3,3,'March','mɑrch','Maret',NULL),(4,3,'April','eiprêl','April',NULL),(5,3,'May','mei','Mei',NULL),(6,3,'June','djun','Juni',NULL),(7,3,'July','djuˈlai','Juli',NULL),(8,3,'August','ɔɡêst','Agustus',NULL),(9,3,'September','sèpˈtèmbêr','September',NULL),(10,3,'October','ɑkˈtoubêr','Oktober',NULL),(11,3,'November','nouˈvèmbêr','November',NULL),(12,3,'December','diˈsèmbêr','Desember',NULL),(13,3,'summer','samêr','musim panas',NULL),(14,3,'autumn, fall','ɔtêm, fɔl','musim gugur',NULL),(15,3,'winter','wintêr','musim dingin',NULL),(16,3,'spring','spring','musim semi',NULL),(17,3,'year','yir','tahun',NULL),(18,3,'month','manθ','bulan',NULL),(19,3,'day','dei','tanggal',NULL),(20,3,'week','wik','minggu',NULL),(21,3,'work day','wêrk dei','hari kerja',NULL),(22,3,'weekend','wikˌènd','akhir pekan',NULL),(23,3,'century','sènʧêri','abad',NULL),(24,3,'decade','dèkeid','dekade',NULL),(25,3,'monthly','manθli','bulanan',NULL),(26,3,'annual','ènyuêl','tahunan',NULL),(27,3,'biennial','baiˈèniêl','dua tahunan',NULL),(28,3,'hour','auêr','jam',NULL),(29,3,'minute','minit','menit',NULL),(30,3,'second','sèkênd','detik',NULL),(31,3,'half an hour','hèf ên ˈauêr','setengah jam',NULL),(32,3,'morning','mɔrning','pagi',NULL),(33,3,'afternoon','èftêrˈnun','siang/sore',NULL),(34,3,'night','nait','malam',NULL),(35,3,'day','dei','siang',NULL),(36,3,'midnight','midˌnait','jam 12 malam',NULL),(37,3,'noon','nun','jam 12 siang',NULL),(38,3,'dawn','dɔn','fajar',NULL),(39,3,'dusk','dask','senja',NULL),(40,3,'public holiday','pablik ˈhɑlêˌdei','hari libur umum',NULL),(41,3,'new year’s day','nu yirz dei','tahun baru',NULL),(42,3,'new year eve','nu yir iv','malam tahun baru',NULL),(43,3,'labor day','leibêr dei','hari buruh',NULL),(44,3,'independence day','indiˈpèndêns dei','hari kemerdekaan',NULL),(45,3,'easter','istêr','paskah',NULL),(46,3,'christmas day','krismês dei','hari natal',NULL),(47,3,'christmas eve','krismês iv','malam natal',NULL),(48,3,'carnival','kɑrnêvêl','karnaval',NULL),(49,3,'ceremony','sèrêˌmouni','upacara',NULL),(50,6,'preschool','priˌskul','prasekolah',NULL),(51,6,'kindergarten','kindêrˌɡɑrtên','taman kanak-kanak',NULL),(52,6,'primary school','praiˌmèri skul','sekolah dasar',NULL),(53,6,'elementary school','èlêˈmèntêri skul','sekolah dasar',NULL),(54,6,'middle school','midl skul','smp',NULL),(55,6,'high school','hai skul','sma',NULL),(56,6,'college','kɑlidj','akademi',NULL),(57,6,'university','yunêˈvêrsêti','universitas',NULL),(58,6,'graduate','ɡrèdjuˌeit','sarjana',NULL),(59,6,'postgraduate','poustˈɡrèdjuit','pascasarjana',NULL),(60,6,'graduation ceremony','ɡrèdjuˈeisyên ˈsèrêˌmouni','wisuda',NULL),(61,6,'headmaster','hèdˌmèstêr','kepala sekolah',NULL),(62,6,'principal','prinsêpêl','kepala sekolah',NULL),(63,6,'rector','rèktêr','rektor',NULL),(64,6,'dean','din','dekan',NULL),(65,6,'librarian','laiˈbrèriên','pustakawan',NULL),(66,7,'mathematics','mèθêˈmètiks','matematika',NULL),(67,7,'science','saiêns','ipa / sains',NULL),(68,7,'earth science','êrθ ˈsaiêns','ilmu bumi (geografi)',NULL),(69,7,'life science','laif ˈsaiêns','ilmu hayat (biologi)',NULL),(70,7,'physical science','fizikêl ˈsaiêns','fisika',NULL),(71,7,'physics','fiziks','fisika',NULL),(72,7,'physical education','fizikêl ˌèdjêˈkeisyên','pendidikan jasmani',NULL),(73,7,'chemistry','kèmistri','kimia',NULL),(74,7,'biology','baiˈɑlêdji','biologi',NULL),(75,7,'social studies','sousyêl ˈstadiz','ilmu pengetahuan sosial',NULL),(76,7,'history','histêri','sejarah',NULL),(77,7,'geography','djiˈɑɡrêfi','geografi',NULL),(78,7,'astronomy','êˈstrɑnêmi','astronomi',NULL),(79,7,'environmental science','inˌvairênˈmèntêl ˈsaiêns','ilmu lingkungan',NULL),(80,7,'foreign language','fɔrên ˈlèngɡwidj','bahasa asing',NULL),(81,7,'economics','èkêˈnɑmiks','ekonomi',NULL),(82,7,'literature','litêrêʧêr','sastra',NULL),(83,7,'poetry','pouêtri','puisi',NULL),(84,7,'architecture','ɑrkêˌtèkʧêr','arsitektur',NULL),(85,7,'food science','fud ˈsaiêns','ilmu pangan',NULL),(86,7,'arts','ɑrts','seni',NULL),(87,7,'philosophy','fêˈlɑsêfi','filsafat',NULL),(88,7,'linguistics','lingˈɡwistiks','ilmu bahasa',NULL),(89,7,'accounting','êˈkaunting','akuntansi',NULL),(90,7,'engineering','èndjêˈniring','teknik',NULL),(91,7,'civil engineering','sivêl ˌèndjêˈniring','teknik sipil',NULL),(92,7,'industrial engineering','inˈdastriêl ˌèndjêˈniring','teknik industri',NULL),(93,7,'mechanical engineering','mêˈkènikêl ˌèndjêˈniring','teknik mesin',NULL),(94,7,'aeronautical engineering','èrêˈnɔtikêl ˌèndjêˈniring','teknik penerbangan',NULL),(95,7,'nautical engineering','nɔtikêl ˌèndjêˈniring','teknik perkapalan',NULL),(96,7,'public health','pablik hèlθ','kesehatan masyarakat',NULL),(97,7,'medical school','mèdikêl skul','sekolah kedokteran',NULL),(98,7,'dentistry','dèntistri','ilmu kedokteran gigi',NULL),(99,7,'nursing','nêrsing','ilmu keperawatan',NULL),(100,7,'vocational education','vouˈkeisyênêl ˌèdjêˈkeisyên','pendidikan kejuruan',NULL),(101,7,'religious education','riˈlidjês ˌèdjêˈkeisyên','pendidikan agama',NULL),(102,7,'legal studies','liɡêl ˈstadiz','ilmu hukum',NULL),(103,7,'psychology','saiˈkɑlêdji','psikologi',NULL),(104,7,'veterinary','vètêrêˌnèri','kedokteran hewan',NULL),(105,7,'civic education','sivik ˌèdjêˈkeisyên','pendidikan kewarganegaraan',NULL),(106,6,'library','laiˌbrèri','perpustakaan',NULL),(107,6,'bookshelf','bukˌsyèlf','rak buku',NULL),(108,6,'laboratory','lèbrêˌtɔri','laboratorium',NULL),(109,6,'scale','skeil','timbangan',NULL),(110,6,'microscope','maikrêˌskoup','mikroskop',NULL),(111,6,'admission','êdˈmisyên','pembayaran',NULL),(112,6,'homework','houmˌwêrk','pekerjaan rumah',NULL),(113,6,'dictionary','diksyêˌnèri','kamus',NULL),(114,9,'adding','èding','penambahan',NULL),(115,9,'subtracting','sêbˈtrèkting','pengurangan',NULL),(116,9,'multiplication','maltêpliˈkeisyên','perkalian',NULL),(117,9,'division','diˈvizhên','pembagian',NULL),(118,9,'fraction','frèksyên','pecahan',NULL),(119,9,'numerator','numêˌreitêr','pembilang',NULL),(120,9,'denominator','diˈnɑmêˌneitêr','penyebut',NULL),(121,9,'ratio','reisyou','perbandingan',NULL),(122,9,'equalities','iˈkwɑlêtiz','persamaan',NULL),(123,9,'inequalities','iniˈkwɑlêtiz','pertidaksamaan',NULL),(124,9,'prime numbers','praim ˈnambêrz','bilangan prima',NULL),(125,9,'natural numbers','nèʧêrêl ˈnambêrz','bilangan asli',NULL),(126,9,'roman numerals','roumên ˈnumêrêlz','angka romawi',NULL),(127,9,'binary numbers','bainêri ˈnambêrz','angka biner',NULL),(128,9,'even','ivên','ganjil',NULL),(129,9,'odd','ɑd','genap',NULL),(130,9,'infinite','infênit','tak terhingga',NULL),(131,9,'integer','intidjêr','bilangan bulat',NULL),(132,9,'square','skwèr','pangkat',NULL),(133,9,'square root','skwèr rut','akar pangkat',NULL),(134,9,'rounding','raunding','pembulatan',NULL),(135,9,'length','lèngθ','panjang',NULL),(136,9,'width','widθ','lebar',NULL),(137,9,'height','hait','tinggi',NULL),(138,9,'average','èvêridj','rata-rata',NULL),(139,9,'mean','min','nilai tengah',NULL),(140,9,'median','midiên','median',NULL),(141,9,'mode','moud','modus',NULL),(142,9,'range','reindj','rentang',NULL),(143,9,'random','rèndêm','acak',NULL),(144,9,'exponent','ikˈspounênt','pangkat',NULL),(145,9,'linear equations','liniêr iˈkweizhênz','persamaan linier',NULL),(146,9,'algebra equations','èldjêbrê iˈkweizhênz','persamaan aljabar',NULL),(147,9,'ascending order','êˈsènding ˈɔrdêr','urutan dari kecil ke besar',NULL),(148,9,'descending order','diˈsènding ˈɔrdêr','urutan dari besar ke kecil',NULL),(149,9,'point','pɔint','titik',NULL),(150,9,'line','lain','garis',NULL),(151,9,'parallel line','pèrêˌlèl lain','garis sejajar',NULL),(152,9,'perpendicular line','pêrpênˈdikyêlêr lain','garis tegak lurus',NULL),(153,9,'curved line','kêrvd lain','garis lengkung',NULL),(154,9,'acute angle','êˈkyut ˈèngɡêl','sudut lancip',NULL),(155,9,'right angle','rait ˈèngɡêl','sudut siku-siku',NULL),(156,9,'obtuse angle','êbˈtus ˈèngɡêl','sudut tumpul',NULL),(157,9,'arc','ɑrk','lengkung',NULL),(158,9,'plane','plein','bidang datar',NULL),(159,9,'square','skwèr','persegi',NULL),(160,9,'rectangle','rèkˌtèngɡêl','persegi panjang',NULL),(161,9,'circle','sêrkêl','lingkaran',NULL),(162,9,'triangle','traiˌèngɡêl','segitiga',NULL),(163,9,'trapezoid','trèpêˌzɔid','trapesium',NULL),(164,9,'parallelogram','pèrêˈlèlêˌɡrèm','jajaran genjang',NULL),(165,9,'vertex','vêrtèks','sudut',NULL),(166,9,'side','said','sisi',NULL),(167,9,'polygon','pɑliˌɡɑn','poligon',NULL),(168,9,'pentagon','pèntêˌɡɑn','segi lima',NULL),(169,9,'hexagon','hèksêˌɡɑn','segi enam',NULL),(170,9,'octagon','ɑktêˌɡɑn','segi delapan',NULL),(171,9,'arrow','èrou','panah',NULL),(172,9,'cylinder','silêndêr','tabung',NULL),(173,9,'cube','kyub','kubus',NULL),(174,9,'cone','koun','kerucut',NULL),(175,9,'sphere','sfir','bola',NULL),(176,9,'pyramid','pirêmid','piramida',NULL),(177,9,'area','èriê','luas',NULL),(178,9,'surface area','sêrfis ˈèriê','luas permukaan',NULL),(179,9,'perimeter','pêˈrimêtêr','keliling',NULL),(180,9,'circumference','sêrˈkamfêrêns','keliling lingkaran',NULL),(181,9,'protractor','prouˈtrèktêr','busur',NULL),(182,9,'ruler','rulêr','penggaris',NULL),(183,9,'compass','kampês','jangka',NULL),(184,9,'distance','distêns','jarak',NULL),(185,9,'1 inch','wan inʧ','2.54 cm',NULL),(186,9,'1 yard','wan yɑrd','3 feet',NULL),(187,9,'1 yard','wan yɑrd','12 inches',NULL),(188,9,'1 mile','wan mail','1760 yards',NULL),(189,9,'1 pound (lb)','wan paund','16 ounces',NULL),(190,9,'1 ounce (oz)','wan auns','28.3459 grams',NULL),(191,10,'mass','mès','massa',NULL),(192,10,'weight','weit','berat',NULL),(193,10,'force','fɔrs','gaya',NULL),(194,10,'speed','spid','kecepatan',NULL),(195,10,'velocity','vêˈlɑsêti','kecepatan',NULL),(196,10,'acceleration','êkˌsèlêˈreisyên','percepatan',NULL),(197,10,'gravity','ɡrèvêti','gravitasi',NULL),(198,10,'friction','friksyên','gesekan',NULL),(199,10,'law of motion','lɔ êv ˈmousyên','hukum gerak',NULL),(200,10,'simple machines','simpêl mêˈsyinz','pesawat sederhana',NULL),(201,10,'energy','ènêrdji','energi',NULL),(202,10,'kinetic energy','kiˈnètik ˈènêrdji','energi kinetik',NULL),(203,10,'potential energy','pêˈtènsyêl ˈènêrdji','energi potensial',NULL),(204,10,'work','wêrk','usaha',NULL),(205,10,'power','pauêr','tekanan',NULL),(206,10,'collisions','kêˈlizhênz','tumbukan',NULL),(207,10,'heat','hit','panas',NULL),(208,10,'temperature','tèmprêʧêr','suhu',NULL),(209,10,'waves','weivz','gelombang',NULL),(210,10,'sound','saund','bunyi',NULL),(211,10,'electricity','iˌlèkˈtrisêti','kelistrikan',NULL),(212,10,'conductors','kênˈdaktêrz','konduktor',NULL),(213,10,'insulators','insêˌleitêrz','isolator',NULL),(214,10,'electric circuit','iˈlèktrik ˈsêrkêt','rangkaian listrik',NULL),(215,10,'resistors','riˈzistêrz','resistor',NULL),(216,10,'capacitors','kêˈpèsitêrz','kapasitor',NULL),(217,10,'electric motors','iˈlèktrik ˈmoutêrz','motor listrik',NULL),(218,10,'batteries','bètêriz','baterai',NULL),(219,10,'light','lait','cahaya',NULL),(220,10,'lens','lènz','lensa',NULL),(221,10,'air pressure','èr ˈprèsyêr','tekanan udara',NULL),(222,10,'matter','mètêr','zat',NULL),(223,10,'atom','ètêm','atom',NULL),(224,10,'element','èlêmênt','unsur',NULL),(225,10,'compound','kɑmpaund','senyawa',NULL),(226,10,'mixture','mikschêr','campuran',NULL),(227,10,'solution','sêˈlusyên','larutan',NULL),(228,10,'acid','èsid','asam',NULL),(229,10,'base','beis','basa',NULL),(230,10,'metal','mètêl','logam',NULL),(231,10,'chemical bonding','kèmikêl ˈbɑnding','ikatan kimia',NULL),(232,10,'chemical reaction','kèmikêl riˈèksyên','reaksi kimia',NULL),(233,10,'melting','mèlting','meleleh',NULL),(234,10,'boiling','bɔiling','menguap',NULL),(235,12,'natural resources','nèʧêrêl ˈrisɔrsiz','sumber daya alam',NULL),(236,12,'fossil fuel','fɑsêl ˈfyuêl','bahan bakar fosil',NULL),(237,12,'coal','koul','batubara',NULL),(238,12,'petroleum','pêˈtrouliêm','minyak bumi',NULL),(239,12,'natural gas','nèʧêrêl ɡès','gas alam',NULL),(240,12,'nuclear fuel','nukliêr ˈfyuêl','bahan bakar nuklir',NULL),(241,12,'solar energy','soulêr ˈènêrdji','tenaga matahari',NULL),(242,12,'bioenergy','baiouˈènêrdji','bioenergi',NULL),(243,12,'renewable energy','riˈnuêbêl ˈènêrdji','energi yg dpt diperbarui',NULL),(244,12,'power plant','pauêr plènt','pembangkit tenaga listrik',NULL),(245,12,'power station','pauêr ˈsteisyên','pembangkit tenaga listrik',NULL),(246,12,'geothermal','djiouˈθêrmêl','tenaga panas bumi',NULL),(247,12,'hydroelectric','haidrouiˈlèktrik','tenaga air',NULL),(248,12,'mineral resources','minêrêl ˈrisɔrsiz','sumber daya mineral',NULL),(249,12,'limestone','laimstoun','batu kapur',NULL),(250,12,'gems','djèmz','batu permata',NULL),(251,12,'emerald','èmêrêld','zamrud',NULL),(252,12,'jade','djeid','batu giok',NULL),(253,12,'marble','mɑrbêl','batu marmer',NULL),(254,12,'sulfur','salfêr','belerang',NULL),(255,12,'metals','mètêlz','logam',NULL),(256,12,'gold','ɡould','emas',NULL),(257,12,'silver','silvêr','perak',NULL),(258,12,'platinum','plètênêm','platina',NULL),(259,12,'iron','aiêrn','besi',NULL),(260,12,'copper','kɑpêr','tembaga',NULL),(261,12,'tin','tin','timah',NULL),(262,12,'aluminum','êˈlumênêm','aluminium',NULL),(263,12,'mercury','mêrkyêri','raksa',NULL),(264,12,'zinc','zingk','seng',NULL),(265,13,'geology','djiˈɑlêdji','ilmu batuan',NULL),(266,13,'rock','rɑk','batu',NULL),(267,13,'mineral','minêrêl','mineral',NULL),(268,13,'earthquake','êrθkweik','gempa bumi',NULL),(269,13,'plate tectonic','pleit tèkˈtɑnik','lempeng tektonik',NULL),(270,13,'erosion','iˈrouzhên','erosi',NULL),(271,13,'soil science','sɔil ˈsaiêns','ilmu tanah',NULL),(272,13,'atmosphere','ètmêsfir','atmosfer',NULL),(273,13,'climate','klaimêt','iklim',NULL),(274,13,'weather','wèdzêr','cuaca',NULL),(275,13,'wind','wind','angin',NULL),(276,13,'cloud','klaud','awan',NULL),(277,13,'rainbow','reinbou','pelangi',NULL),(278,13,'dangerous weather','deindjêrês ˈwèdzêr','cuaca buruk',NULL),(279,13,'cyclone','saikloun','angin topan',NULL),(280,13,'typhoon','taiˈfun','angin topan',NULL),(281,13,'hurricane','hêrêkein','angin topan',NULL),(282,13,'tornado','tɔrˈneidou','angin tornado',NULL),(283,13,'weather forecasting','wèdzêr ˈfɔrkèsting','prakiraan cuaca',NULL),(284,13,'season','sizên','musim',NULL),(285,13,'wet season','wèt ˈsizên','musim hujan',NULL),(286,13,'dry season','drai ˈsizên','musim kemarau',NULL),(287,13,'humidity','hyuˈmidêti','kelembaban',NULL),(288,13,'moisture','mɔischêr','kelembaban',NULL),(289,13,'fog','fɑɡ','kabut',NULL),(290,13,'lightning','laitning','kilat',NULL),(291,13,'thunder','θandêr','guntur',NULL),(292,13,'thunderstorm','θandêrstɔrm','hujan badai',NULL),(293,13,'frost','frɔst','embun beku',NULL),(294,13,'snowfall','snoufɔl','hujan salju',NULL),(295,13,'sunrise','sanraiz','matahari terbit',NULL),(296,13,'sunset','sansèt','matahari terbenam',NULL),(297,13,'heat wave','hit weiv','gelombang panas',NULL),(298,13,'dew','du','embun',NULL),(299,13,'biomes','baioumz','bioma',NULL),(300,13,'desert','dèzêrt','gurun pasir',NULL),(301,13,'grassland','ɡrèslènd','padang rumput',NULL),(302,13,'prairie','prèri','padang rumput',NULL),(303,13,'meadow','mèdou','padang rumput',NULL),(304,13,'savanna','sêˈvènê','sabana',NULL),(305,13,'tundra','tandrê','tundra',NULL),(306,13,'forest','fɔrêst','hutan',NULL),(307,13,'woods','wudz','hutan',NULL),(308,13,'rainforest','reinfɔrêst','hutan tropis',NULL),(309,13,'temperate rainforest','tèmpêrêt ˈreinfɔrêst','hutan sedang',NULL),(310,13,'marine','mêˈrin','laut',NULL),(311,13,'coral reef','kɔrêl rif','terumbu karang',NULL),(312,13,'coast','koust','pantai',NULL),(313,13,'snow','snou','salju',NULL),(314,13,'permafrost','pêrmêfrɔst','lapisan salju abadi',NULL),(315,13,'freshwater','frèsywɔtêr','air tawar',NULL),(316,13,'flash flood','flèsy flad','banjir badang',NULL),(317,13,'elevation','èlêˈveisyên','ketinggian',NULL),(318,13,'altitude','èltitud','ketinggian',NULL),(319,13,'latitude','lètitud','garis lintang',NULL),(320,13,'longitude','lɑndjitud','garis bujur',NULL),(321,13,'border','bɔrdêr','batas',NULL),(322,13,'capital city','kèpitl ˈsiti','ibu kota',NULL),(323,13,'continent','kɑntênênt','benua',NULL),(324,13,'island','ailênd','pulau',NULL),(325,13,'islands','ailêndz','kepulauan',NULL),(326,13,'hemisphere','hèmêsfir','belahan bumi',NULL),(327,13,'equator','iˈkweitêr','khatulistiwa',NULL),(328,13,'scale','skeil','skala',NULL),(329,13,'international date line','intêrˈnèsyênêl deit lain','garis batas tanggal internasional',NULL),(330,13,'pole','poul','kutub',NULL),(331,13,'mount','maunt','gunung',NULL),(332,13,'mountain','mauntên','pegunungan',NULL),(333,13,'mountain range','mauntên reindj','rangkaian pegunungan',NULL),(334,13,'volcano','vɑlˈkeinou','gunung berapi',NULL),(335,13,'volcanic ash','vɑlˈkènik èsy','abu vulkanik',NULL),(336,13,'explosive eruption','ikˈsplousiv iˈrapsyên','letusan gunung berapi',NULL),(337,13,'crater','kreitêr','kawah',NULL),(338,13,'sand','sènd','pasir',NULL),(339,13,'sand dune','sènd dun','bukit pasir',NULL),(340,13,'ocean','ousyên','samudera',NULL),(341,13,'sea','si','laut',NULL),(342,13,'strait','streit','selat',NULL),(343,13,'river','rivêr','sungai',NULL),(344,13,'creek','krik','sungai kecil',NULL),(345,13,'tributary','tribyêtèri','anak sungai',NULL),(346,13,'surface water','sêrfês ˈwɔtêr','air permukaan',NULL),(347,13,'groundwater','ɡraundwɔtêr','air bawah tanah',NULL),(348,13,'spring','spring','mata air',NULL),(349,13,'lake','leik','danau',NULL),(350,13,'bay','bei','teluk',NULL),(351,13,'gulf','ɡalf','teluk',NULL),(352,13,'peninsula','pêˈninsêlê','semenanjung',NULL),(353,13,'canal','kêˈnèl','saluran',NULL),(354,13,'glacier','ɡleisyêr','sungai es',NULL),(355,13,'iceberg','aisbêrɡ','gunung es',NULL),(356,13,'marsh','mɑrsy','rawa',NULL),(357,13,'plain','plein','dataran',NULL),(358,13,'plateau','plèˈtou','dataran tinggi',NULL),(359,13,'valley','vèli','lembah',NULL),(360,13,'slope','sloup','lereng',NULL),(361,13,'hill','hil','bukit',NULL),(362,13,'cave','keiv','gua',NULL),(363,13,'waterfall','wɔtêrfɔl','air terjun',NULL),(364,14,'solar system','soulêr ˈsistêm','tata surya',NULL),(365,14,'sun','san','matahari',NULL),(366,14,'mercury','mêrkyêri','merkurius',NULL),(367,14,'venus','vinês','venus',NULL),(368,14,'earth','êrθ','bumi',NULL),(369,14,'mars','mɑrz','mars',NULL),(370,14,'jupiter','djupitêr','yupiter',NULL),(371,14,'saturn','sètêrn','saturnus',NULL),(372,14,'uranus','yurênês','uranus',NULL),(373,14,'neptune','nèptun','neptunus',NULL),(374,14,'pluto','plutou','pluto',NULL),(375,14,'meteor','mitiêr','meteor',NULL),(376,14,'comet','kɑmêt','komet',NULL),(377,14,'black holes','blèk houlz','lubang hitam',NULL),(378,14,'galaxy','ɡèlêksi','galaksi',NULL),(379,14,'star','stɑr','bintang',NULL),(380,14,'constellation','kɑnstêˈleisyên','rasi bintang',NULL),(381,14,'universe','yunêvêrs','jagad raya',NULL),(382,14,'space','speis','luar angkasa',NULL),(383,14,'solar eclipse','soulêr iˈklips','gerhana matahari',NULL),(384,14,'moon eclipse','mun iˈklips','gerhana bulan',NULL),(385,14,'space exploration','speis ˌèksplêˈreisyên','penjelajahan luar angkasa',NULL),(386,14,'gravity','ɡrèvêti','gravitasi',NULL),(387,14,'space shuttle','speis ˈsyatl','pesawat luar angkasa',NULL),(388,14,'space station','speis ˈsteisyên','stasiun luar angkasa',NULL),(389,10,'pollution','pêˈlusyên','polusi',NULL),(390,10,'land pollution','lènd pêˈlusyên','polusi tanah',NULL),(391,10,'air pollution','èr pêˈlusyên','polusi udara',NULL),(392,10,'water pollution','wɔtêr pêˈlusyên','polusi air',NULL),(393,10,'ozone layer','ouzoun ˈleiêr','lapisan ozon',NULL),(394,10,'recycle','riˈsaikêl','daur ulang',NULL),(395,10,'waste','weist','limbah',NULL),(396,10,'domestic waste','dêˈmèstik weist','sampah rumah tangga',NULL),(397,10,'greenhouse effect','ɡrinhaus iˈfèkt','efek rumah kaca',NULL),(398,10,'global warming','ɡloubêl ˈwɔrming','pemanasan global',NULL),(399,10,'cell','sèl','sel',NULL),(400,10,'cell division','sèl diˈvizhên','pembelahan sel',NULL),(401,10,'nucleus','nukliês','nukleus',NULL),(402,10,'ribosome','raibêsoum','robosom',NULL),(403,10,'mitochondria','maitêˈkɑndriê','mitokondria',NULL),(404,10,'chloroplast','klɔrêplèst','kloroplas',NULL),(405,10,'protein','proutin','protein',NULL),(406,10,'enzyme','ènzaim','enzim',NULL),(407,10,'nutrition','nuˈtrisyên','gizi',NULL),(408,10,'carbohydrate','kɑrbouˈhaidreit','karbohidrat',NULL),(409,10,'lipid','lipid','lemak',NULL),(410,10,'fat','fèt','lemak',NULL),(411,10,'gene','djin','gen',NULL),(412,10,'genetic','djêˈnètik','genetik',NULL),(413,10,'chromosome','kroumêsoum','kromosom',NULL),(414,10,'plant','plènt','tumbuhan',NULL),(415,10,'photosynthesis','foutouˈsinθêsis','fotosintesis',NULL),(416,10,'root','rut','akar',NULL),(417,10,'trunk','trangk','batang pohon',NULL),(418,10,'bark','bɑrk','kulit pohon',NULL),(419,10,'branch','brènch','cabang',NULL),(420,10,'twig','twiɡ','ranting',NULL),(421,10,'leaf','lif','daun',NULL),(422,10,'pine','pain','pinus',NULL),(423,10,'stem','stèm','tangkai',NULL),(424,18,'animal','ènêmêl','binatang',NULL),(425,18,'cow','kau','sapi',NULL),(426,18,'bull','bul','banteng',NULL),(427,18,'donkey','dɑngki','keledai',NULL),(428,18,'sheep','syip','domba',NULL),(429,18,'pig','piɡ','babi',NULL),(430,18,'horse','hɔrs','kuda',NULL),(431,18,'goat','ɡout','kambing',NULL),(432,18,'rabbit','rèbit','kelinci',NULL),(433,18,'rat','rèt','tikus',NULL),(434,18,'mouse','maus','tikus',NULL),(435,18,'hedgehog','hèdjhɑɡ','landak',NULL),(436,18,'squirrel','skwêrêl','tupai',NULL),(437,18,'bat','bèt','kelelawar',NULL),(438,18,'fox','fɑks','rubah',NULL),(439,18,'wolf','wulf','serigala',NULL),(440,18,'otter','ɑtêr','berang-berang',NULL),(441,18,'seal','sil','anjing laut',NULL),(442,18,'sea lion','si ˈlaiên','singa laut',NULL),(443,18,'walrus','wɔlrês','anjing laut',NULL),(444,18,'fish','fisy','ikan',NULL),(445,18,'scallop','skɑlêp','kerang',NULL),(446,18,'shell','syèl','kulit kerang',NULL),(447,18,'shrimp','syrimp','udang',NULL),(448,18,'octopus','ɑktêpês','gurita',NULL),(449,18,'squid','skwid','cumi-cumi',NULL),(450,18,'whale','weil','paus',NULL),(451,18,'shark','syɑrk','hiu',NULL),(452,18,'dolphin','dɑlfin','lumba-lumba',NULL),(453,18,'deer','dir','rusa',NULL),(454,18,'giraffe','djêˈrèf','jerapah',NULL),(455,18,'camel','kèmêl','unta',NULL),(456,18,'hippopotamus','hipêˈpɑtêmês','kudanil',NULL),(457,18,'rhinoceros','raiˈnɑsêrês','badak',NULL),(458,18,'tiger','taiɡêr','harimau',NULL),(459,18,'lion','laiên','singa',NULL),(460,18,'antler','èntlêr','tanduk',NULL),(461,18,'kangaroo','kèngɡêˈru','kanguru',NULL),(462,18,'bear','bèr','beruang',NULL),(463,18,'polar bear','poulêr bèr','beruang kutub',NULL),(464,18,'lizard','lizêrd','kadal',NULL),(465,18,'alligator','èlêɡeitêr','buaya',NULL),(466,18,'turtle','têrtêl','penyu',NULL),(467,18,'tortoise','tɔrtês','kura-kura',NULL),(468,18,'snout','snaut','moncong buaya',NULL),(469,18,'cockatoo','kɑkêtu','burung kakatua',NULL),(470,18,'parrot','pèrêt','burung beo',NULL),(471,18,'feather','fèdzêr','bulu',NULL),(472,18,'wing','wing','sayap',NULL),(473,18,'claw','klɔ','cakar',NULL),(474,18,'frog','frɑɡ','katak',NULL),(475,18,'toad','toud','kodok',NULL),(476,18,'tadpole','tèdpoul','kecebong',NULL),(477,18,'eel','il','belut',NULL),(478,18,'sea horse','si hɔrs','kuda laut',NULL),(479,18,'ray','rei','ikan pari',NULL),(480,18,'goldfish','ɡouldfisy','ikan mas',NULL),(481,18,'gill','ɡil','insang',NULL),(482,18,'fin','fin','sirip',NULL),(483,18,'scale','skeil','sisik',NULL),(484,18,'termite','têrmait','rayap',NULL),(485,18,'bee','bi','lebah',NULL),(486,18,'wasp','wɑsp','tawon',NULL),(487,18,'beetle','bitêl','kumbang',NULL),(488,18,'cockroach','kɑkrouch','kecoak',NULL),(489,18,'moth','mɔθ','ngengat',NULL),(490,18,'caterpillar','kètêpilêr','ulat',NULL),(491,18,'cricket','krikit','jangkrik',NULL),(492,18,'grasshopper','ɡrèshɑpêr','belalang',NULL),(493,18,'praying mantis','preiing ˈmèntis','belalang sembah',NULL),(494,18,'scorpion','skɔrpiên','kalajengking',NULL),(495,18,'centipede','sèntipid','lipan',NULL),(496,18,'millipede','milipid','kaki seribu',NULL),(497,18,'dragonfly','drèɡênflai','capung',NULL),(498,18,'fly','flai','lalat',NULL),(499,18,'mosquito','mêˈskitou','nyamuk',NULL),(500,18,'ladybug','leidibaɡ','kumbang kecil',NULL),(501,18,'spider','spaɪ̯dê','laba-laba',NULL),(502,18,'slug','slaɡ','siput',NULL),(503,18,'snail','sneil','siput',NULL),(504,18,'worm','wêːm','cacing',NULL),(505,18,'starfish','stɑː(r)fisy','bintang laut',NULL),(506,18,'mussel','masêl','remis',NULL),(507,18,'crab','krèb','kepiting',NULL),(508,18,'octopus','ɒk.tê.pês','gurita',NULL),(510,18,'jellyfish','djèliˌfisy','ubur-ubur',NULL),(511,18,'chicken','chikin','ayam',NULL),(512,18,'duck','dak','bebek',NULL),(513,18,'turkey','têːki','kalkun',NULL),(514,18,'goose','ɡuːs','angsa',NULL),(515,18,'rooster','ruːstê','ayam jantan',NULL),(516,18,'hen','hèn','ayam betina',NULL),(517,18,'canary','kêˈnèêri','burung kenari',NULL),(518,18,'sparrow','spèrêu','burung gereja',NULL),(519,18,'swallow','swɒlêu','angsa',NULL),(520,18,'crow','krêu','burung gagak',NULL),(521,18,'pigeon','pi.djin','burung merpati',NULL),(522,18,'owl','aul','burung hantu',NULL),(523,18,'gull','ɡal','burung camar',NULL),(524,18,'eagle','iːɡêl','burung rajawali',NULL),(525,18,'stork','stɔːk','bangau',NULL),(526,18,'ostrich','ɒs.tridj','burung unta',NULL),(527,18,'goose','ɡuːs','bebek besar',NULL),(528,18,'swan','swɒn','angsa',NULL),(529,18,'peacock','piːkɒk','burung merak',NULL),(530,20,'head','hèd','kepala',NULL),(531,20,'hair','heː','rambut',NULL),(532,20,'forehead','fɒrèd','dahi',NULL),(533,20,'temple','tèmp(ê)l','pelipis',NULL),(534,20,'eye','ai','mata',NULL),(535,20,'eyebrow','aiˌbrau','alis',NULL),(536,20,'eyelash','ailèsy','bulu mata',NULL),(537,20,'nose','nêuz','hidung',NULL),(538,20,'nosetrill','nɑːstrêl','lubang hidung',NULL),(539,20,'mouth','mauθ','mulut',NULL),(540,20,'tongue','tang','lidah',NULL),(541,20,'lip','lip','bibir',NULL),(542,20,'jaw','djɔː','rahang',NULL),(543,20,'chin','chin','dagu',NULL),(544,20,'neck','nèk','leher',NULL),(545,20,'nape','neip','tengkuk leher',NULL),(546,20,'breast','brèst','dada',NULL),(547,20,'abdomen','èbˈdêu.mên','perut',NULL),(548,20,'navel','neivêl','pusar',NULL),(549,20,'back','bèk','punggung',NULL),(550,20,'shoulder','syêuldê','bahu',NULL),(551,20,'arm','ɑːm','lengan (bahu s.d. siku)',NULL),(552,20,'forearm','fɔrˌɑrm','tangan (siku s.d. pergelangan)',NULL),(553,20,'hand','hènd','tangan (pergelangan s.d. jari-jari)',NULL),(554,20,'wrist','rist','pergelangan tangan',NULL),(555,20,'palm','pèm','telapak tangan',NULL),(556,20,'thumb','θam','ibu jari',NULL),(557,20,'index finger','indèks ˈfingɡêr','jari telunjuk',NULL),(558,20,'middle finger','midêl ˈfingɡêr','jari tengah',NULL),(559,20,'ring finger','ring ˈfingɡêr','jari manis',NULL),(560,20,'little finger','litêl ˈfingɡêr','jari kelingking',NULL),(561,20,'nail','neil','kuku',NULL),(562,20,'elbow','èl.bêu','siku',NULL),(563,20,'armpit','ɑrmˌpit','ketiak',NULL),(564,20,'hip','hip','panggul',NULL),(565,20,'waist','weist','pinggang',NULL),(566,20,'thigh','θai','paha',NULL),(567,20,'calf','kèf','betis',NULL),(568,20,'knee','niː','lutut',NULL),(569,20,'leg','leiɡ','kaki',NULL),(570,20,'foot','fut','kaki',NULL),(571,20,'skin','skin','kulit',NULL),(572,20,'angkle','èngkêl','mata kaki',NULL),(573,20,'heel','hiːl','tumit',NULL),(574,20,'big toe','biɡ tou','jempol kaki',NULL),(575,20,'little toe','litêl tou','jari kaki kecil',NULL),(576,20,'toenail','têuˌneil','kuku jari kaki',NULL),(577,20,'sole','sêul','telapak kaki',NULL),(578,20,'internal organ','inˈtɝːnêl ˈɔːrɡên','organ dalam',NULL),(579,20,'throat','θrêut','tenggorokan',NULL),(580,20,'esophagus','iˈsɑːfêɡês','kerongkongan',NULL),(581,20,'windpipe','windpaip','batang tenggorok',NULL),(582,20,'vocal cords','voukêl kɔːrdz','pita suara',NULL),(583,20,'pharynx','fèringks','faring',NULL),(584,20,'liver','livê','hati',NULL),(585,20,'gall bladder','ɡɔːl ˈblèdêr','kantong empedu',NULL),(586,20,'spleen','spliːn','limpa',NULL),(587,20,'lungs','langz','paru-paru',NULL),(588,20,'heart','hɑːt','jantung',NULL),(589,20,'kidneys','kidniːz','ginjal',NULL),(590,20,'pancreas','pèngkriês','pankreas',NULL),(591,20,'bladder','blèdê','kandung kemih',NULL),(592,20,'small intestine','smɔːl inˈtèstin','usus kecil',NULL),(593,20,'large intestine','lɑːrdj inˈtèstin','usus besar',NULL),(594,20,'stomach','stamêk','lambung',NULL),(595,20,'brain','brein','otak',NULL),(596,20,'nerve','nèɾv','saraf',NULL),(597,20,'blood','blud','darah',NULL),(598,20,'muscle','mas.êl','otot',NULL),(599,20,'skeleton','skèlêtên','kerangka',NULL),(600,20,'bone','bêun','tulang',NULL),(601,20,'skull','skal','tulang tengkorak',NULL),(602,20,'shoulder blade','syouldêr bleid','tulang belikat',NULL),(603,20,'rib cage','rib ˌkeidj','tulang rusuk',NULL),(604,20,'nervous system','nêːrvês ˈsistêm','sistem saraf',NULL),(605,20,'digestive system','daiˈdjèstiv ˈsistêm','sistem pencernaan',NULL),(606,20,'muscular system','maskyêlêr ˈsistêm','sistem otot',NULL),(607,20,'respiratory system','rèspêrêˌtɔːri ˈsistêm','sistem pernapasan',NULL),(608,21,'headache','hèdeik','sakit kepala',NULL),(609,21,'stomachache','stamêkˌeik','sakit perut',NULL),(610,21,'toothache','tuθˌeik','sakit gigi',NULL),(611,21,'cough','kɑf','batuk',NULL),(612,21,'sneeze','sniːz','bersin',NULL),(613,21,'nosebleed','nêuzˌbliːd','mimisan',NULL),(614,21,'nausea','nɔːsiê','mual',NULL),(615,21,'fever','fiːvê','demam',NULL),(616,21,'faint','feint','pingsan',NULL),(617,21,'chill','chil','menggigil',NULL),(618,21,'diarrhea','dai.êˈriː.ê','diare',NULL),(619,21,'measles','miːzêlz','campak',NULL),(620,21,'migraine','maiɡrein','migrain',NULL),(621,21,'patient','peisyênt','pasien',NULL),(622,21,'fracture','frèk.tyê','patah tulang',NULL),(623,21,'bruise','bruːz','memar',NULL),(624,21,'insect bite','inˌsèkt bait','gigitan serangga',NULL),(625,21,'sting','sting','sengatan',NULL),(626,21,'emergency','iˈmɝ.djên.si','keadaan darurat',NULL),(627,21,'hemorrhage','hèm(ê)ridj','pendarahan',NULL),(628,21,'blister','blistê','melepuh',NULL),(629,21,'poisoning','pɔizêning','keracunan',NULL),(630,21,'electric shock','iˈlèktrik syɑːk','sengatan listrik',NULL),(631,21,'head injury','hèd ˈindjêri','cedera kepala',NULL),(632,21,'first aid','fêːrst eid','pertolongan pertama',NULL),(633,21,'bandage','bèndidj','perban',NULL),(634,21,'unconscious','anˈkɒnsyês','tidak sadar',NULL),(635,21,'wheelchair','wiːlchèê(r)','kursi roda',NULL),(636,21,'emergency room','iˈmêːrdjênsi ruːm','ruang gawat darurat',NULL),(637,21,'surgery','sêːdjêri','operasi',NULL),(638,21,'tooth','tuːθ','gigi',NULL),(639,21,'enamel','iˈnèmêl','email gigi',NULL),(640,21,'gum','ɡam','gusi',NULL),(641,21,'farsightedness','fɑːrˈsaitidnês','rabun',NULL),(642,21,'nearsightedness','nirˈsaitidnês','rabun',NULL),(643,21,'pregnancy','prèɡnênsi','kehamilan',NULL),(644,21,'uterus','yuː.têr.ês','rahim',NULL),(645,21,'fetus','fiːtês','janin',NULL),(646,21,'delivery','diˈliv(ê)ri','melahirkan',NULL),(647,21,'breastfeed','brèstfiːd','menyusui',NULL),(648,21,'massage','mèsɑːzh','pijat',NULL),(649,21,'acupuncture','è.kyu.ˌpangk.chɝ','akupuntur',NULL),(650,21,'injury','in.djê.ri','terluka',NULL),(651,21,'wound','wuːnd','luka',NULL),(652,21,'medicine','med(i).sn̩','obat-obatan',NULL),(653,21,'prescription','pɝˈskripsyên','resep dokter',NULL),(654,21,'drugstore','draɡ.stɔr','apotek',NULL),(655,21,'pharmacy','fɑːmêsi','apotek',NULL),(656,21,'pharmacist','fɑrmêsist','apoteker',NULL),(657,21,'capsule','kèpsyuːl','kapsul',NULL),(658,21,'pill','pil','tablet',NULL),(659,21,'ointment','ɔintm(ê)nt','salep',NULL),(660,23,'house','haus','rumah',NULL),(661,23,'fence','fèns','pagar',NULL),(662,23,'floor','flɔː','lantai',NULL),(663,23,'wall','wɔːl','dinding',NULL),(664,23,'window','windêu','jendela',NULL),(665,23,'tile','tail','genteng',NULL),(666,23,'roof','ruːf','atap',NULL),(667,23,'chimney','chimni','cerobong asap',NULL),(668,23,'basement','beismênt','lantai bawah tanah',NULL),(669,23,'attic','ètik','loteng',NULL),(670,23,'landlord','lènd.lɔːd','pemilik rumah',NULL),(671,23,'tenant','tè.nênt','penyewa rumah',NULL),(672,23,'terraced house','tèrêst haus','rumah bertingkat',NULL),(673,23,'doormat','dɔː(r)ˌmèt','keset',NULL),(674,23,'lock','lɒk','kunci',NULL),(675,23,'bolt','bɒlt','gerendel',NULL),(676,23,'fan','fèn','kipas angin',NULL),(677,23,'plug','plaɡ','colokan listrik',NULL),(678,23,'wire','waiê(r)','kabel',NULL),(679,23,'outlet','autlèt','stop kontak',NULL),(680,23,'power outage','pauêr ˈautidj','mati listrik',NULL),(681,23,'plumbing','plaming','pipa ledeng',NULL),(682,23,'water heater','wɔːtêr ˈhiːtêr','pemanas air',NULL),(683,23,'faucet','fɔːsit','keran air',NULL),(684,23,'garbage can','ɡɑːrbidj kèn','tempat sampah',NULL),(685,23,'living room','living ruːm','ruang keluarga',NULL),(686,23,'dining room','daining ruːm','ruang makan',NULL),(687,23,'bedroom','bèdrum','ruang tidur',NULL),(688,23,'lamp','lèmp','lampu',NULL),(689,23,'fireplace','faiêpleis','perapian',NULL),(690,23,'curtain','kêːtn̩','tirai',NULL),(691,23,'rug','raɡ','karpet',NULL),(692,23,'tablecloth','teibêlklɔːθ','taplak meja',NULL),(693,23,'mug','maɡ','cangkir besar',NULL),(694,23,'cup','kap','cangkir',NULL),(695,23,'plate','pleit','piring',NULL),(696,23,'bowl','bêuɫ','mangkok',NULL),(697,23,'teapot','tiːpɑːt','teko',NULL),(698,23,'pitcher','pichê','kendi',NULL),(699,23,'napkin','nèp.kin','serbet',NULL),(700,23,'spoon','spuːn','sendok',NULL),(701,23,'tablespoon','teibêlˌspuːn','sendok makan',NULL),(702,23,'teaspoon','tiːspuːn','sendok the',NULL),(703,23,'fork','fɔːk','garpu',NULL),(704,23,'knive','naif','pisau',NULL),(705,23,'kitchen','kichên','dapur',NULL),(706,23,'sink','singk','tempat cuci piring',NULL),(707,23,'drawer','drɔː(r)','laci',NULL),(708,23,'toaster','têustê','pemanggang roti',NULL),(709,23,'dishwasher','disyˌwɒsyê','alat pencuci piring',NULL),(710,23,'refrigerator','riˈfridjêˌreitê','kulkas',NULL),(711,23,'grater','ɡreitê','parutan',NULL),(712,23,'pan','pèn','panci',NULL),(713,23,'frying pan','fraiing pèn','wajan',NULL),(714,23,'wardrobe','wɔːdrêub','pakaian',NULL),(715,23,'mattress','mètris','kasur',NULL),(716,23,'pillow','pilêu','bantal',NULL),(717,23,'pillowcase','pɘlɐuˌkèes','sarung bantal',NULL),(718,23,'coathanger','kout ˌhèngêr','gantungan baju',NULL),(719,23,'dressing table','drèsing ˈteibêl','meja rias',NULL),(720,23,'blanket','blèngkit','selimut',NULL),(721,23,'sheet','syiːt','seprei',NULL),(722,23,'mat','mèt','tikar',NULL),(723,23,'bathroom','bèθ.ruːm','kamar mandi',NULL),(724,23,'drain','drein','saluran air',NULL),(725,23,'bathtub','bèθtub','bathtub',NULL),(726,23,'toothbrush','tuːθbrasy','sikat gigi',NULL),(727,23,'toothpaste','tuːθpeist','pasta gigi',NULL),(728,23,'toilet paper','tɔilit ˈpeipêr','tissue toilet',NULL),(729,23,'soap','sêup','sabun',NULL),(730,23,'towel','taul','handuk',NULL),(731,23,'razor','reizê','pisau cukur',NULL),(732,23,'razor blade','reizêr bleid','silet cukur',NULL),(733,23,'crib','krib','tempat tidur bayi',NULL),(734,23,'stroller','stroulêr','kereta dorong bayi',NULL),(735,23,'washing machine','wɑːsying mêˈsyiːn','mesin cuci',NULL),(736,23,'ironing board','aiêrning bɔːrd','meja setrika',NULL),(737,23,'iron','aiên','setrika',NULL),(738,23,'mop','mɒp','pel',NULL),(739,23,'broom','bruːm','sapu',NULL),(740,23,'saw','sɔː','gergaji',NULL),(741,23,'drill','dril','bor',NULL),(742,23,'workbench','wêːrkbènʧ','meja kerja',NULL),(743,23,'toolbox','tuːlˌbɑks','kotak peralatan',NULL),(744,23,'screwdriver','skruːdraivêr','obeng',NULL),(745,23,'hammer','hèm.ê(r)','palu',NULL),(746,23,'pliers','plai.ê(r)z','tang',NULL),(747,23,'nail','neil','paku',NULL),(748,23,'screw','skruː','sekrup',NULL),(749,23,'bolt and nut','boult ênd ˈnat','baut dan mur',NULL),(750,23,'paint','peint','cat',NULL),(751,23,'sandpaper','sèndˌpeipê','kertas gosok (ampelas)',NULL),(752,23,'garden','ɡɑːdn̩','taman',NULL),(753,23,'lawn','lɔːn','rumput',NULL),(754,23,'lawnmower','lɑn.mou.ê','mesin pemotong rumput',NULL),(755,23,'fountain','fauntên','air mancur',NULL),(756,23,'clay','klei','tanah liat',NULL),(757,23,'spade','speid','sekop',NULL),(758,23,'watering can','wɔːtêring kèn','penyiram',NULL),(759,23,'hose','hêuz','selang',NULL),(760,23,'ladder','ladê','tangga',NULL),(761,23,'brick','brik','batu bata',NULL),(762,23,'concrete','kênˈkriːt','semen',NULL),(763,23,'neighbor','neibêr','tetangga',NULL),(764,24,'parents','pèêrênts','orang tua',NULL),(765,24,'father','faːdzê','ayah',NULL),(766,24,'mother','madzê(r)','ibu',NULL),(767,24,'grandfather','ɡrèn(d)ˌfɑːdzê(r)','kakek',NULL),(768,24,'grandmother','ɡrèn(d)ˌmadzê(r)','nenek',NULL),(769,24,'brother','brɐdzɘ(r)','saudara laki-laki',NULL),(770,24,'sister','sis.tê','saudara perempuan',NULL),(771,24,'son','sɒn','anak laki-laki',NULL),(772,24,'daughter','dɑ.tê','anak perempuan',NULL),(773,24,'grandson','ɡrèn(d)san','cucu laki-laki',NULL),(774,24,'granddaughter','ɡrèndɔːtêr','cucu perempuan',NULL),(775,24,'uncle','ang.kêl','paman',NULL),(776,24,'aunt','ɑ(ː)nt','bibi',NULL),(777,24,'niece','niːs','keponakan laki-laki',NULL),(778,24,'nephew','nèf.yu','keponakan perempuan',NULL),(779,24,'father-in-law','fɑːdzêr in lɔː','ayah mertua',NULL),(780,24,'mother-in-law','ma.dzêr.inˌlɔː','ibu mertua',NULL),(781,24,'son-in-law','saninˌlɔː','menantu laki-laki',NULL),(782,24,'daughter-in-law','dɔːtêr in lɔː','menantu perempuan',NULL),(783,24,'brother-in-law','bradzê in ˌlɑ','saudara ipar laki-laki',NULL),(784,24,'sister-in-law','sistêr in lɔː','saudara ipar perempuan',NULL),(785,24,'relatives','rèl.ê.tivz','saudara/kerabat',NULL),(786,24,'stepfather','stèpfɑːdzêr','ayah tiri',NULL),(787,24,'stepmother','stèpmadzê','ibu tiri',NULL),(788,24,'stepson','stèpsan','anak tiri laki-laki',NULL),(789,24,'stepdaughter','stèpdɔːtêr','anak tiri perempuan',NULL),(790,24,'partner','pɐːtnê','pasangan',NULL),(791,24,'spouse','spaus','suami/istri',NULL),(792,24,'baby','beibi','bayi',NULL),(793,24,'infant','in.fênt','bayi',NULL),(794,24,'toddler','tɑːdlêr','balita',NULL),(795,24,'child','chaild','anak-anak',NULL),(796,24,'teenager','tiːnˌei.djê(r)','remaja',NULL),(797,24,'adult','êˈdalt','dewasa',NULL),(798,24,'couple','kapêl','pasangan',NULL),(799,24,'engagement','inˈɡeidj.mênt','tunangan',NULL),(800,24,'mariage','mèridj','pernikahan',NULL),(801,24,'divorce','diˈvɔːs','perceraian',NULL),(802,24,'funeral','fyuːnêrêl','pemakaman',NULL),(803,24,'anniversary','èniˈvêːs(ê)ri','ulang tahun pernikahan',NULL),(804,24,'wedding reception','wèding riˈsèpsyên','resepsi pernikahan',NULL),(805,24,'birthday','bêːθ.dei','ulang tahun',NULL),(806,24,'birthday present','bɝːθdei ˈprèzênt','hadiah ulang tahun',NULL),(807,25,'t-shirt','tiː syêːrt','kaos',NULL),(808,25,'shirt','syêːt','kemeja',NULL),(809,25,'shorts','syɔː(r)ts','celana pendek',NULL),(810,25,'pants','pènts','celana panjang',NULL),(811,25,'jeans','djiːnz','celana jins',NULL),(812,25,'skirt','skêːt','rok',NULL),(813,25,'dress','drès','baju terusan',NULL),(814,25,'pajamas','pêˈdjè.mêz','piyama',NULL),(815,25,'nightwear','naitwèr','pakaian tidur',NULL),(816,25,'raincoat','reinkêut','jas hujan',NULL),(817,25,'hoodie','hudi','jaket bertudung',NULL),(818,25,'tank top','tèngk tɑːp','kaus tanpa lengan',NULL),(819,25,'blouse','blaus','blus',NULL),(820,25,'cardigan','kɑːdiɡên','kardigan',NULL),(821,25,'sweater','swetê','sweter',NULL),(822,25,'jumpsuit','djampsuːt','baju terusan panjang',NULL),(823,25,'overalls','ɐuv(ê)rêlz','baju kodok',NULL),(824,25,'underwear','andêwèê','pakaian dalam',NULL),(825,25,'briefs','briːfs','celana dalam pria',NULL),(826,25,'panties','pèntiz','celana dalam wanita',NULL),(827,25,'bra','brɑː','beha',NULL),(828,25,'camisole','kamisêul','kamisol',NULL),(829,25,'undershirt','andêrsyêːrt','kaus dalam',NULL),(830,25,'long johns','lɔːng djɑːnz','celana dalam panjang musim dingin',NULL),(831,25,'vest','vèst','rompi',NULL),(832,25,'waistcoat','weis(t)kêut','rompi',NULL),(833,25,'scarf','skɑːf','syal',NULL),(834,25,'bathrobe','bɑːθ.rêub','pakaian handuk',NULL),(835,25,'jacket','djèk.it','jaket',NULL),(836,25,'blazer','bleizê','blazer',NULL),(837,25,'trench coat','trènʧ kout','mantel panjang',NULL),(838,25,'parka','pɑːkê','jaket tebal (parka)',NULL),(839,25,'windbreaker','windbreikê(r)','jaket tahan angin',NULL),(840,27,'socks','sɒks','kaus kaki',NULL),(841,27,'shoes','syuːz','sepatu',NULL),(842,27,'high-heeled shoe','haiˌhiːld syuː','sepatu hak',NULL),(843,27,'flip flop','flip flɑːp','sandal jepit',NULL),(844,27,'sandals','sèndêlz','sandal',NULL),(845,27,'boots','buːts','sepatu bot',NULL),(846,27,'slippers','slipêrz','sandal rumah',NULL),(847,27,'cap','kèp','topi',NULL),(848,27,'hat','hèt','topi',NULL),(849,27,'tie','tai','dasi',NULL),(850,27,'bow tie','bou tai','dasi kupu-kupu',NULL),(851,27,'collar','kɒl.ê','kerah',NULL),(852,27,'beanie','biː.ni','kupluk',NULL),(853,27,'headband','hèdˌbènd','ikat kepala',NULL),(854,27,'balaclava','bèl.êˈklɑː.vê','penutup kepala penuh',NULL),(855,27,'earmuffs','iêrmafs','penutup telinga',NULL),(856,27,'belt','bèlt','sabuk',NULL),(857,27,'gloves','ɡlavz','sarung tangan',NULL),(858,27,'brooch','brêuch','bross',NULL),(859,27,'ring','ring','cincin',NULL),(860,27,'watch','wɒch','jam tangan',NULL),(861,27,'earring','iêring','anting',NULL),(862,27,'bracelet','breislêt','gelang',NULL),(863,27,'handkerchief','hèngkêchiːf','sapu tangan',NULL),(864,27,'button','batn̩','kancing baju',NULL),(865,27,'pocket','pɒkit','saku',NULL),(866,27,'necklace','nèklês','kalung',NULL),(867,27,'anklet','èngklêt','gelang kaki',NULL),(868,27,'hairpin','heirpin','jepit rambut',NULL),(869,27,'tiara','tiˈɑːrê','tiara',NULL),(870,27,'wallet','wɒlit','dompet',NULL),(871,27,'purse','pêːs','dompet wanita',NULL),(872,27,'bag','bèːɡ','tas',NULL),(873,27,'shoulder bag','syouldêr bèɡ','tas jinjing',NULL),(874,27,'handbag','hèm.bêɡ','tas tangan',NULL),(875,27,'backpack','bèk.pèk','tas ransel',NULL),(876,27,'briefcase','briːfˌkeis','tas koper',NULL),(877,27,'fanny pack','fèni pèk','tas pinggang',NULL),(878,27,'tote bag','tout bèɡ','tas belanja',NULL),(879,27,'duffel bag','dafêl bèɡ','tas olahraga',NULL),(880,27,'glasses','ɡlasiz','kacamata',NULL),(881,27,'sunglasses','sanˌɡlèsiz','kacamata hitam',NULL),(882,27,'contact lenses','kɑːntèkt ˈlènziz','lensa kontak',NULL),(883,27,'face mask','feis mèsk','masker wajah',NULL),(884,27,'comb','kêum','sisir',NULL),(885,27,'brush','brasy','sisir',NULL),(886,27,'shampoo','syamˈpuː','sampo',NULL),(887,27,'powder','pau.dê(r)','bedak',NULL),(888,27,'lotion','lêusyên','krim',NULL),(889,27,'suntan lotion','santèn ˈlousyên','krim tabir surya',NULL),(890,27,'sunblock','sanblɑːk','krim tabir surya',NULL),(891,27,'deodorant','diˈêudêrênt','deodoran',NULL),(892,27,'razor','reizê','pisau cukur',NULL),(893,27,'mirror','mɘ.rɘ','cermin',NULL),(894,29,'meat','miːt','daging',NULL),(895,29,'lamb','lèm','daging kambing',NULL),(896,29,'mutton','matn̩','daging domba',NULL),(897,29,'pork','pɔːk','daging babi',NULL),(898,29,'beef','biːf','daging sapi',NULL),(899,29,'veal','viːl','daging sapi muda',NULL),(900,29,'bacon','bei.kên','daging babi asap',NULL),(901,29,'poultry','pɒltri','unggas',NULL),(902,29,'seafood','siːfuːd','masakan laut',NULL),(903,29,'vegetable','vèdjtêbêl','sayuran',NULL),(904,29,'corn','kɔrn','jagung',NULL),(905,29,'bean','biːn','buncis',NULL),(906,29,'bean sprout','biːn spraut','kecambah',NULL),(907,29,'spinach','spinidj','bayam',NULL),(908,29,'cabbage','kèbidj','buncis',NULL),(909,29,'lettuce','lètês','selada',NULL),(910,29,'cauliflower','kɒl.i.flau.ê','kembang kol',NULL),(911,29,'chili papper','chili ˌpèpêr','lombok',NULL),(912,29,'carrot','kèr.êt','wortel',NULL),(913,29,'potato','pêˈtei.têu','kentang',NULL),(914,29,'sweet potato','swiːt pêˈteitou','ubi',NULL),(915,29,'cassava','kêˈsɑːvê','singkong',NULL),(916,29,'eggplant','èɡplènt','terong',NULL),(917,29,'garlic','ɡɑːlik','bawang putih',NULL),(918,29,'shallot','syêˈlɒt','bawang merah',NULL),(919,29,'pumpkin','pampkin','labu',NULL),(920,29,'cucumber','kyuːˌkambê','timun',NULL),(921,29,'orange','ɔrɪ̈ndj','jeruk',NULL),(922,29,'lime','laim','jeruk nipis',NULL),(923,29,'grapes','ɡreips','anggur',NULL),(924,29,'watermelon','wɔːtêˌmèlên','semangka',NULL),(925,29,'seed','siːd','biji',NULL),(926,29,'seedless','siːdlês','tanpa biji',NULL),(927,29,'pineapple','painêpêl','nanas',NULL),(928,29,'lychee','laɪ̯chiː','leci',NULL),(929,29,'avocado','èvêˈkɑːdêu','alpukat',NULL),(930,29,'guava','ɡwɑvê','jambu merah',NULL),(931,29,'pomegranate','pɒm.iˌɡrèn.it','delima',NULL),(932,29,'starfruit','stɑːrfruːt','belimbing',NULL),(933,29,'cashew','kêˈsyuː','jambu mete',NULL),(934,29,'peanut','piːˌnat','kacang tanah',NULL),(935,29,'date','deit','kurma',NULL),(936,29,'raisin','reizn̩','kismis',NULL),(937,29,'wheat','wiːt','gandum',NULL),(938,29,'oats','êuts','gandum',NULL),(939,29,'soybeans','sɔibiːnz','kedelai',NULL),(940,29,'green peas','ɡriːn piːz','kacang hijau',NULL),(941,29,'sunflower','sanˌflauê','bunga matahari',NULL),(942,29,'sunflower seeds','sanˌflauêr siːdz','biji bunga matahari',NULL),(943,29,'herbs','êːrbz','rempah-rempah',NULL),(944,29,'spices','spaisiz','rempah-rempah',NULL),(945,29,'turmeric','tyuː.m(ê).rik','kunyit',NULL),(946,29,'nutmeg','nat.mèɡ','pala',NULL),(947,29,'cinnamon','sin.ê.mên','kayu manis',NULL),(948,29,'lemon grass','lèmênˌɡrès','serai',NULL),(949,29,'cloves','klêuvz','cengkeh',NULL),(950,29,'ginger','djindjê','jahe',NULL),(951,29,'jam','djèːm','selai',NULL),(952,29,'olive oil','ɑːliv ɔil','minyak zaitun',NULL),(953,29,'vinegar','vinêɡê','cuka',NULL),(954,29,'sauce','sɔːs','saus',NULL),(955,29,'ketchup','kèch.êp','saus tomat',NULL),(956,29,'butter','butê','mentega',NULL),(957,29,'margarine','mɑː.djê.rin','mentega',NULL),(958,29,'boiled egg','bɔild èɡ','telur rebus',NULL),(959,29,'yolk','yêuk','kuning telur',NULL),(960,29,'flour','flauê','tepung',NULL),(961,29,'yeast','iːst','ragi',NULL),(962,29,'bread','breːd','roti',NULL),(963,29,'toasted bread','toustid brèd','roti bakar',NULL),(964,29,'pastry','peistri','kue-kue',NULL),(965,29,'cookies','kukiz','biskuit',NULL),(966,29,'chips','chips','keripik',NULL),(967,29,'buffet','bufei','prasmanan',NULL),(968,29,'breakfast','brèkfêst','makan pagi',NULL),(969,29,'lunch','lanch','makan siang',NULL),(970,29,'dinner','dinê','makan malam',NULL),(971,30,'forestry','fɔːristri','kehutanan',NULL),(972,30,'fishery','fisyêri','perikanan',NULL),(973,30,'pasture','pɑːstyê','padang rumput',NULL),(974,30,'livestock','laivstɒk','binatang ternak',NULL),(975,30,'stable','stei.bêɫ','kandang kuda',NULL),(976,30,'hay','hei','jerami',NULL),(977,30,'haystack','heiˌstèk','tumpukan jerami',NULL),(978,30,'ricefield','rais fiːld','sawah',NULL),(979,30,'sugarcane','syuɡêrkein','tebu',NULL),(980,30,'cotton','kɒt.n̩','kapas',NULL),(981,30,'lumber','lam.bê','kayu',NULL),(982,31,'road','rêud','jalan',NULL),(983,31,'street','striːt','jalan',NULL),(984,31,'lane','lein','jalan kecil',NULL),(985,31,'boulevard','bulêvɑrd','jalan besar',NULL),(986,31,'avenue','èv.êˌnyuː','jalan besar',NULL),(987,31,'alley','è.li','gang',NULL),(988,31,'street sign','striːt sain','rambu-rambu',NULL),(989,31,'streetlight','striːtlait','lampu penerangan jalan',NULL),(991,31,'parking lot','pɑːrking lɑːt','tempat parkir',NULL),(992,31,'city hall','siti ˌhɔːl','balai kota',NULL),(993,31,'town hall','taun hɔːl','balai kota',NULL),(994,31,'village hall','vilidj hɔːl','balai desa',NULL),(995,31,'movie theater','muvi ˌθi.êtê','bioskop',NULL),(996,31,'skyscraper','skaiˌskreip.ê(r)','gedung pencakar langit',NULL),(997,31,'downtown','dauntaun','pusat kota',NULL),(998,31,'suburb','sabêːb','pinggiran kota',NULL),(999,31,'village','vilidj','desa',NULL),(1000,31,'factory','fèktêri','pabrik',NULL),(1001,31,'mosque','mɒsk','masjid',NULL),(1002,31,'church','chêːch','gereja',NULL),(1003,31,'temple','tèmp(ê)l','kuil',NULL),(1004,31,'bridge','bridj','jembatan',NULL),(1005,31,'canal','kêˈnèl','saluran air',NULL),(1006,31,'dam','dèm','dam',NULL),(1007,31,'hospital','hɒs.pi.tl̩','rumah sakit',NULL),(1008,31,'traffic','trèfik','lalu lintas',NULL),(1009,31,'traffic jam','trèfik djèm','macet',NULL),(1010,31,'overpass','ouvêrpès','jembatan layang',NULL),(1011,31,'underpass','andêrpès','terowongan',NULL),(1012,31,'interchange','intêrʧeindj','persimpangan jalan',NULL),(1013,31,'traffic light','trèfik lait','lampu lalu lintas',NULL),(1014,31,'crosswalk','krɔːswɔːk','penyeberangan jalan',NULL),(1015,31,'sidewalk','saidwɔːk','trotoar',NULL),(1016,31,'pedestrian','pêˈdèst.ri.ên','pejalan kaki',NULL),(1017,31,'roundabout','raundêˌbaut','bundaran',NULL),(1018,31,'fire','fɑeê(r)','kebakaran',NULL),(1019,31,'fire department','faiêr diˈpɑːrtmênt','kantor pemadam kebakaran',NULL),(1020,31,'firefighter','faiê(r)ˌfait.ê(r)','petugas pemadam kebakaran',NULL),(1021,31,'fire engine','faiêr ˈèndjin','mobil pemadam kebakaran',NULL),(1022,31,'fire extinguiser','faiêr ikˈstingɡwisyêr','alat pemadam api ringan',NULL),(1023,31,'hydrant','haidrênt','hidran',NULL),(1024,33,'elevator','èl.ê.vei.tê','lift',NULL),(1025,33,'excalator','èskêleitêr','tangga berjalan',NULL),(1026,33,'ground floor','ɡraund flɔːr','lantai 1',NULL),(1027,33,'first floor','fêːrst flɔːr','lantai 2',NULL),(1028,33,'second floor','sèkênd flɔːr','lantai 3',NULL),(1029,33,'luggage','laɡidj','penitipan barang bawaan',NULL),(1030,33,'restroom','rèstruːm','toilet',NULL),(1031,33,'shopping cart','syɑːping kɑːrt','kereta belanja',NULL),(1032,33,'trolley cart','trɑːli kɑːrt','kereta belanja',NULL),(1033,33,'electrical goods','iˈlèktrikêl ɡudz','barang elektronik',NULL),(1034,33,'chinaware','chainêwèr','barang pecah belah',NULL),(1035,33,'stationary','steisy(ê)n(ê)ri','toko alat tulis',NULL),(1036,33,'dairy','dèêri','produk olahan susu',NULL),(1037,33,'vegetable','vèdjtêbêl','sayuran',NULL),(1038,33,'toiletries','tɔilitriz','perlengkapan mandi',NULL),(1039,33,'florist','flɔːrist','toko bunga',NULL),(1040,33,'newsstand','nyuːzstènd','toko koran',NULL),(1041,33,'newspaper','nyuːsˌpeipê','koran',NULL),(1042,33,'magazine','mèɡêˈziːn','majalah',NULL),(1043,33,'tobacco','têˈbèkou','tembakau',NULL),(1044,33,'lighter','laitê','korek',NULL),(1045,33,'cigarette','si.ɡêˈrèt','rokok',NULL),(1046,33,'cigar','siˈɡɑːr','cerutu',NULL),(1047,33,'bakery','bei.kê.ri','toko kue',NULL),(1048,33,'butcher shop','buchêr syɑːp','toko daging',NULL),(1049,33,'grocery shop','ɡrousêri syɑːp','toko kelontong',NULL),(1050,33,'bookstore','bukstɔː','toko buku',NULL),(1051,34,'airport','èê.pɔːt','bandara',NULL),(1052,34,'bus station','bas ˈsteisyên','terminal bus',NULL),(1053,34,'train station','trein ˈsteisyên','stasiun kereta api',NULL),(1054,34,'city park','siti pɑːrk','taman kota',NULL),(1055,34,'swing','swing','ayunan',NULL),(1056,34,'slide','slaid','prosotan',NULL),(1057,34,'seesaw','siːsɔː','jungkat jungkit',NULL),(1058,34,'tourist attraction','turist êˈtrèksyên','tempat menarik',NULL),(1059,34,'fairground','fèêrɡraund','taman hiburan',NULL),(1060,34,'theme park','θiːm pɑːrk','taman hiburan',NULL),(1061,34,'zoo','zuː','kebun binatang',NULL),(1062,34,'beach','biːch','pantai',NULL),(1063,34,'restroom','rèstruːm','toilet',NULL),(1064,34,'campground','kèmpɡraund','tempat kemah',NULL),(1065,34,'tent','tènt','tenda',NULL),(1066,34,'campfire','kèmpfaiêr','api unggun',NULL),(1067,34,'itinerary','aiˈtinêri','jadwal perjalanan',NULL),(1068,34,'hotel','(h)êuˈtèl','hotel',NULL),(1069,34,'guest','ɡèst','tamu',NULL),(1070,34,'reservation','rèzêˈveisyên','pemesanan',NULL),(1071,34,'single room','singɡêl ruːm','kamar 1 tempat tidur',NULL),(1072,34,'double room','dabêl ruːm','kamar 1 tempat tidur ukuran besar',NULL),(1073,34,'twin room','twin ruːm','kamar 2 tempat tidur',NULL),(1074,34,'private bathroom','praivêt ˈbèθruːm','kamar mandi dalam',NULL),(1075,36,'vehicle','viː(ê).kêl','kendaraan',NULL),(1076,36,'windshield','windsyiːld','kaca depan',NULL),(1077,36,'hood','hud','kap mobil',NULL),(1078,36,'bumper','bampê(r)','bemper',NULL),(1079,36,'turn signal','têːrn ˈsiɡnêl','lampu sein',NULL),(1080,36,'headlight','hèdlait','lampu depan',NULL),(1081,36,'wheel','ʍiːl','roda',NULL),(1082,36,'tire','taɪ̯ê','ban',NULL),(1083,36,'spare tire','spèêr ˈtaiêr','ban serep',NULL),(1084,36,'inner tube','inêr tuːb','ban dalam',NULL),(1085,36,'luggage','laɡidj','bagasi',NULL),(1086,36,'seat belt','siːt bèlt','sabuk pengaman',NULL),(1087,36,'gas station','ɡès ˈsteisyên','pom bensin',NULL),(1088,36,'gasoline','ɡès.ê.lin','bensin',NULL),(1089,36,'car wash','kɑːr wɑːsy','cuci mobil',NULL),(1090,36,'armrest','ɑːrmrèst','sandaran tangan',NULL),(1091,36,'headrest','hèdrèst','sandaran kepala',NULL),(1092,36,'accelerator','èk.ˈsèl.ê.ˌrei.tê','pedal gas',NULL),(1093,36,'brake','breik','rem',NULL),(1094,36,'steering wheel','stiring wiːl','setir mobil',NULL),(1095,36,'horn','hɔːn','klakson',NULL),(1096,36,'light switch','lait swiʧ','saklar lampu',NULL),(1097,36,'gearshift','ɡiêrsyift','presnening',NULL),(1098,36,'fuel','fyuːl','bahan bakar',NULL),(1099,36,'fuel gauge','fyuːêl ɡeidj','indikator bahan bakar',NULL),(1100,36,'fuel tank','fyuːl tèngk','tangki bahan bakar',NULL),(1101,36,'jack','djèk','dongkrak',NULL),(1102,36,'sparkplug','spɑːrkplaɡ','busi',NULL),(1103,36,'clutch','klach','kopling',NULL),(1104,36,'exhaust pipe','iɡˈzɔːst paip','knalpot',NULL),(1105,36,'chain','chein','rantai',NULL),(1106,36,'saddle','sèdêl','sadel',NULL),(1107,36,'car','kɑː','gerbong',NULL),(1108,36,'dining car','daining kɑːr','kereta makan',NULL),(1109,36,'platform','plètfɔːm','jalur kereta',NULL),(1110,36,'steam train','stiːm trein','kereta uap',NULL),(1111,36,'electric train','iˈlèktrik trein','kereta listrik',NULL),(1112,36,'diesel train','diːzêl trein','kereta disel',NULL),(1113,36,'subway','sabˌwei','kereta bawah tanah',NULL),(1114,36,'freight train','freit trein','kereta barang',NULL),(1115,36,'cockpit','kɑːkpit','kokpit (ruang kendali pilot)',NULL),(1116,36,'fuselage','fyuːzêˌlɑːzh','badan pesawat',NULL),(1117,36,'wing','wing','sayap',NULL),(1118,36,'tail','teil','ekor',NULL),(1119,36,'aisle','aɪ̯l','lorong',NULL),(1120,36,'light aircraft','lait ˈèrkrèft','pesawat kecil',NULL),(1121,36,'fighter plane','faitêr plein','pesawat tempur',NULL),(1122,36,'runway','rên-','landasan',NULL),(1123,36,'customs','kastêmz','bea cukai',NULL),(1124,36,'ocean liner','ousyên ˈlainêr','kapal laut',NULL),(1125,36,'yacht','yɒt','kapal pesiar',NULL),(1126,36,'tugboat','taɡbêut','kapal penarik',NULL),(1127,36,'container ship','kênˈteinêr syip','kapal kontainer',NULL),(1128,36,'sailboat','seilbout','kapal layar',NULL),(1129,36,'oil tanker','ɔil ˈtèngkêr','kapal tangki',NULL),(1130,36,'battleship','bètlsyip','kapal perang',NULL),(1132,36,'fishing boat','fisying bout','kapal pencari ikan',NULL),(1133,36,'lifeboat','laifˌbêut','sekoci',NULL),(1134,36,'propeller','prêˈpèlêr','baling-baling',NULL),(1135,36,'anchor','èng.kê','jangkar',NULL),(1136,36,'port','pɔːt','pelabuhan',NULL),(1137,36,'harbor','hɑːbê','pelabuhan',NULL),(1138,36,'pier','piê','dermaga',NULL),(1139,36,'shipyard','syipyɑːrd','galangan kapal',NULL),(1140,36,'lighthouse','laithaus','mercusuar',NULL),(1141,37,'headquarter','hèdˌkwɔːrtêr','kantor pusat',NULL),(1142,37,'regional office','riːdjênêl ˈɔːfis','kantor cabang',NULL),(1143,37,'CEO','siː iː ˈou','direktur utama',NULL),(1144,37,'employer','èmplɔiˈê','pemilik kerja',NULL),(1145,37,'employee','emˌplô.ii','pekerja',NULL),(1146,37,'colleague','kɒliːɡ','rekan kerja',NULL),(1147,37,'rubber stamp','rabêr stèmp','stampel',NULL),(1148,37,'notice board','noutis bɔːrd','papan pengumuman',NULL),(1149,37,'report','rêˈpoːt','laporan',NULL),(1150,37,'hole punch','houl panʧ','pelubang kertas',NULL),(1151,37,'stapler','steiplê','staples',NULL),(1152,37,'hole punch','houl panʧ','pelubang kertas',NULL),(1153,37,'paper clip','peipêr klip','klip kertas',NULL),(1154,37,'envelope','ɒn.vê.lêup','amplop',NULL),(1155,37,'stamp','stèmp','perangko',NULL),(1156,37,'meeting minutes','miːting ˈminits','notulen rapat',NULL),(1157,37,'business trip','biznis trip','perjalanan dinas',NULL),(1158,37,'salary','sèlêi','gaji',NULL),(1159,37,'payroll','peirêul','slip gaji',NULL),(1160,37,'sales','seilz','penjualan',NULL),(1161,37,'mail carrier','meil ˈkèriêr','pengantar surat',NULL),(1162,37,'mailbox','meilbɑːks','kotak surat',NULL),(1163,37,'cordless telephone','kɔːrdlês ˈtèlêfoun','telepon tanpa kabel',NULL),(1164,37,'counter','kauntê','konter',NULL),(1165,37,'account number','êˈkaunt ˈnambêr','nomor rekening',NULL),(1166,37,'deposit account','diˈpɑːzit êˈkaunt','rekening bank',NULL),(1167,37,'saving','seiving','simpanan',NULL),(1168,37,'tax','tèks','pajak',NULL),(1169,37,'interest rate','intrist reit','tingkat suku bunga',NULL),(1170,37,'payment','peimênt','pembayaran',NULL),(1171,37,'widtdrawal','widzˈdrɔːêl','penarikan',NULL),(1172,37,'foreign currency','fɔːrin ˈkêːrênsi','mata uang asing',NULL),(1173,37,'currency','kar.ên.si','mata uang',NULL),(1174,37,'exchange rate','iksˈʧeindj reit','kurs',NULL),(1175,37,'investment','inˈvèsmênt','investasi',NULL),(1176,37,'stock','stɒk','saham',NULL),(1177,37,'stock exchange','stɑːk iksˈʧeindj','bursa saham',NULL),(1178,37,'stock market','stɑːk ˈmɑːrkit','bursa saham',NULL),(1179,37,'currency','kar.ên.si','mata uang',NULL),(1180,37,'banknote','bèngknout','uang kertas',NULL),(1181,37,'coin','kɔin','uang logam',NULL),(1182,37,'mint','mint','percetakan uang',NULL),(1183,37,'cheques','chèks','cek',NULL),(1184,37,'debt','dèt','utang',NULL),(1185,37,'loan','lêun','pinjaman',NULL),(1186,39,'legislative assembly','lèdjisleitiv êˈsèmbli','DPR',NULL),(1187,39,'president','prèzɨdênt','presiden',NULL),(1188,39,'prime minister','praim ˈministêr','perdana menteri',NULL),(1189,39,'premier','premyê','perdana menteri',NULL),(1190,39,'central government','sèntrêl ˈɡavêrnmênt','pemerintah pusat',NULL),(1191,39,'local government','loukêl ˈɡavêrnmênt','pemerintah daerah',NULL),(1192,39,'minister','ministê','menteri',NULL),(1193,39,'government agency','ɡavêrnmênt ˈeidjênsi','lembaga pemerintahan',NULL),(1194,39,'province','prɒvins','provinsi',NULL),(1195,39,'regency','riːdjênsi','kabupaten',NULL),(1196,39,'city','siti','kota',NULL),(1197,39,'subdistrict','sabˌdistrikt','kecamatan',NULL),(1198,39,'village','vilidj','desa',NULL),(1199,39,'head of subdistrict','hèd êv ˈsabˌdistrikt','camat',NULL),(1200,39,'governor','ɡav(ê)nê(r)','gubernur',NULL),(1201,39,'regent','riːdjênt','bupati',NULL),(1202,39,'mayor','mei.ê','walikota',NULL),(1203,39,'head of village','hèd êv ˈvilidj','kepala desa',NULL),(1204,39,'Supreme Court','sêˈpriːm kɔːrt','Mahkamah Agung',NULL),(1205,39,'Constitutional Court','kɑːnstiˈtuːsyênêl kɔːrt','Mahkamah Konstitusi',NULL),(1206,39,'Ministry of home affairs','ministri êv houm êˈfèrz','Kementerian Dalam Negeri',NULL),(1207,39,'Ministry of foreign affairs','ministri êv ˈfɔːrin êˈfèrz','Kementerian Luar Negeri',NULL),(1208,39,'Ministry of defense','ministri êv diˈfèns','Kementerian Pertahanan',NULL),(1209,39,'Ministry of law and human rights','ministri êv lɔː ênd ˈhyuːmên raits','Kementerian Hukum dan HAM',NULL),(1210,39,'Ministry of finance','ministri êv ˈfainèns','Kementerian Keuangan',NULL),(1211,39,'Ministry of trade','ministri êv treid','Kementerian Perdagangan',NULL),(1212,39,'Ministry of environmental','ministri êv inˈvairênmênt','Kementerian Lingkungan Hidup',NULL),(1213,39,'Ministry of transportation','ministri êv ˌtrènspêrˈteisyên','Kementerian Perhubungan',NULL),(1214,39,'Ministry of manpower','ministri êv ˈmènpauêr','Kementerian Tenaga Kerja',NULL),(1215,39,'Ministry of public works','ministri êv ˈpablik wêːrks','Kementerian Pekerjaan Umum',NULL),(1216,39,'Ministry of health','ministri êv hèlθ','Kementerian Kesehatan',NULL),(1217,39,'Ministry of religious affairs','ministri êv riˈlidjês êˈfèrz','Kementerian Agama',NULL),(1218,39,'Ministry of state-owned enterprises','ministri êv steit-ound ˈèntêrpraiziz','Kementerian BUMN',NULL),(1219,39,'Ministry of youth and sports affairs','ministri êv yuθ ênd spɔːrts','Kementerian Pemuda dan Olahraga',NULL),(1220,39,'Ministry of investment','ministri êv inˈvèstmênt','Kementerian Investasi',NULL),(1221,39,'Attorney general','êˈtêːrni ˈdjènêrêl','Jaksa Agung',NULL),(1222,39,'State Intelligence Agency','steit inˈtèlidjêns ˈeidjênsi','Badan Intelijen Negara',NULL),(1223,39,'Presidential Staff Office','prèziˈdènsyêl stèf ˈɔːfis','Kantor Staf Presiden',NULL),(1224,40,'army','ɑː.miː','angkatan darat',NULL),(1225,40,'navy','neivi','angkatan laut',NULL),(1226,40,'air forces','èêr ˈfɔːrsiz','angkatan udara',NULL),(1227,40,'armed forces','ɑːrmd ˈfɔːrsiz','angkatan bersenjata',NULL),(1228,40,'war','wɔː','perang',NULL),(1229,40,'warfare','wɔːfèê','perang',NULL),(1230,40,'guerilla warfare','ɡêˈrilê ˈwɔːrfèr','perang gerilya',NULL),(1231,40,'battle','bètêl','pertempuran',NULL),(1232,40,'casualty','kazh(u)êlti','korban',NULL),(1233,40,'conquest','kɒngkwêst','penaklukan',NULL),(1234,40,'defense','diˈfèns','pertahanan',NULL),(1235,40,'enemy','ènêmi','musuh',NULL),(1236,40,'force','fɔːs','kekuatan',NULL),(1237,40,'fleet','fliːt','armada',NULL),(1238,40,'peace','piːs','perdamaian',NULL),(1239,40,'gun','ɡan','senapan',NULL),(1240,40,'rifle','raifêl','senapan',NULL),(1241,40,'cannon','kèn.ên','meriam',NULL),(1242,40,'firearm','faiêrɑːrm','senjata api',NULL),(1243,40,'weapon','wè.pên','senjata',NULL),(1244,40,'chemical weapon','kèmikêl ˈwèpên','senjata kimia',NULL),(1245,40,'mine','main','ranjau',NULL),(1246,40,'submarine','sab.mêˈriːn','kapal selam',NULL),(1247,40,'fighter aircraft','faitêr ˈèrkrèft','pesawat tempur',NULL),(1248,41,'police station','pêˈliːs ˈsteisyên','kantor polisi',NULL),(1249,41,'district court','distrikt kɔːrt','pengadilan negeri',NULL),(1250,41,'state attorney','steit êˈtêːrni','kejaksaan negeri',NULL),(1251,41,'police officer','pêˈliːs ˈɔːfisêr','polisi',NULL),(1252,41,'prosecutor','prɑsêˌkyuːtêr','jaksa',NULL),(1253,41,'judge','djadj','hakim',NULL),(1254,41,'crime','kraim','kejahatan',NULL),(1255,41,'fingerprint','fingɡêˌprint','sidik jari',NULL),(1256,41,'suspect','sas.pèkt','tersangka',NULL),(1257,41,'arrest','êˈrèst','penahanan',NULL),(1258,41,'cell','sèl','sel, tahanan',NULL),(1259,41,'lawyer','lɔi.ê(r)','pengacara',NULL),(1260,41,'court','kɔːt','pengadilan',NULL),(1261,41,'defendant','diˈfènd.ênt','terdakwa',NULL),(1262,41,'prison','prizên','penjara',NULL),(1263,41,'jail','djeil','penjara',NULL),(1264,41,'correctional institution','kêˈrèksyênêl ˌinstiˈtuːsyên','lembaga pemasyarakatan',NULL),(1265,41,'verdict','vɝ.dikt','putusan pengadilan',NULL),(1266,41,'charge','chɑːdj','tuduhan',NULL),(1267,41,'prosecution','prɑ.sêˈkyu.syên','tuntutan',NULL),(1268,41,'criminal record','kriminêl ˈrèkêrd','catatan kriminal',NULL),(1269,41,'evidence','èvidêns','bukti',NULL),(1270,41,'acquitted','êˈkwitid','bebas',NULL),(1271,41,'parole','pêˈroul','pembebasan bersyarat',NULL),(1272,41,'sentence','sèntêns','penjara',NULL),(1273,41,'life sentence','laif ˈsèntêns','penjara seumur hidup',NULL),(1274,41,'death sentence','dèθ ˈsèntêns','hukuman mati',NULL),(1275,41,'handcuffs','hèndkafs','borgol',NULL),(1276,72,'carpenter','kɑː.pên.tê','tukang kayu',NULL),(1277,72,'electrician','iˌlèkˈtrisyên','tukang listrik',NULL),(1278,72,'plumber','plamê','tukang pipa',NULL),(1279,72,'construction worker','kênˈstraksyên ˈwêːrkêr','pekerja bangunan',NULL),(1280,72,'gardener','ɡɑːdnê','tukang taman',NULL),(1281,72,'cleaner','kliː.nê','tukang pembersih',NULL),(1282,72,'mechanic','mêˈkènik','montir',NULL),(1283,72,'butcher','buch.ê(r)','penjual daging',NULL),(1284,72,'florist','flɔːrist','penjual bunga',NULL),(1285,72,'hairdresser','hèêrdrèsêr','penata rambut',NULL),(1286,72,'barber','bɑː.bê','tukang cukur',NULL),(1287,72,'jeweler','djuːêlê','penjual permata',NULL),(1288,72,'optician','ɑːpˈtisyên','tukang kacamata',NULL),(1289,72,'veterinarian','vèt(ê)rêˈnèri.ên','dokter hewan',NULL),(1290,72,'fishermen','fisyêmên','nelayan',NULL),(1291,72,'farmer','fɑːmê','petani',NULL),(1292,72,'soldier','sɒldjê','tentara',NULL),(1293,72,'police officer','pêˈliːs ˈɔːfisêr','polisi',NULL),(1294,72,'sailor','seilê','pelaut',NULL),(1295,72,'lawyer','lɔi.ê(r)','pengacara',NULL),(1296,72,'accountant','ê.ˈkèun.(t)ên̩(t)','akuntan',NULL),(1297,72,'architect','ɑːkitèkt','arsitek',NULL),(1298,72,'scientist','sai.ên.tist','ilmuwan',NULL),(1299,72,'librarian','laiˈbrèr.i.ên','pustakawan',NULL),(1300,72,'flight attendant','flait êˈtèndênt','pramugari/pramugara',NULL),(1301,72,'steward','styuː.êd','pramugara',NULL),(1302,72,'stewardess','styuː.êˈdès','pramugari',NULL),(1303,72,'musician','myuˈzisyên','musisi',NULL),(1304,72,'dancer','dèns.ê(r)','penari',NULL),(1305,72,'sculptor','skalptê','pematung',NULL),(1306,72,'painter','peintê','pelukis',NULL),(1307,72,'journalist','djêːnêlist','wartawan',NULL),(1308,72,'designer','diˈzainêr','perancang',NULL),(1309,72,'tailor','teilê','penjahit',NULL),(1310,21,'doctor','dɒktê','dokter',NULL),(1311,21,'cardiologist','kɑːrdiˈɑːlêdjist','dokter jantung',NULL),(1312,21,'orthopedic doctor','ɔːrθêˈpiːdik ˈdɑːktêr','dokter tulang',NULL),(1313,21,'gynecologist','ɡainêˈkɒlêdjist','dokter kandungan',NULL),(1314,21,'obstetrician','ɒbstêˈtrisyên','dokter kandungan (hamil)',NULL),(1315,21,'dermatology','dêːmêˈtɒlêdji','dokter kulit',NULL),(1316,21,'pediatrician','piːdiêˈtrisyên','dokter anak',NULL),(1317,21,'psychiatrist','saiˈkaiêtrist','dokter jiwa',NULL),(1318,21,'ophthalmologist','ɒf.θèlˈmɒ.lê.djist','dokter mata',NULL),(1319,21,'neurologist','nuˈrɑːlêdjist','dokter saraf',NULL),(1320,21,'oncology doctor','ɑːngˈkɑːlêdji ˈdɑːktêr','dokter kanker',NULL),(1321,21,'urologist','yuˈrɑːlêdjist','dokter saluran kemih',NULL),(1322,21,'surgeon','sêːdjên','dokter bedah',NULL),(1323,21,'dentist','dèntist','dokter gigi',NULL),(1324,21,'nurse','nêːs','perawat',NULL),(1325,43,'association football','êˌsousiˈeisyên ˈfutbɔːl','sepakbola',NULL),(1326,43,'soccer','sɒk.ê','sepakbola',NULL),(1327,43,'referee','rèf.êˈriː','wasit',NULL),(1328,43,'goalkeeper','ɡoulkiːpêr','kiper',NULL),(1329,43,'defender','diˈfèndê(r)','pemain bek',NULL),(1330,43,'midfielder','midˌfiːldêr','pemain gelandang',NULL),(1331,43,'forward','foːwêd','pemain penyerang',NULL),(1332,43,'substitute','sabstityut','pemain cadangan',NULL),(1333,43,'shoot','syuːt','tendangan',NULL),(1334,43,'swimming pool','swiming ˌpuːl','kolam renang',NULL),(1335,43,'breaststroke','brèstrouk','gaya dada',NULL),(1336,43,'backstroke','bèkˌstrouk','gaya punggung',NULL),(1337,43,'front crawl','frant krɔːl','gaya bebas',NULL),(1338,43,'horseback riding','hɔːrsbèk ˈraiding','berkuda',NULL),(1339,43,'horse race','hɔːrs reis','pacuan kuda',NULL),(1340,44,'soap opera','soup ˈɑːpêrê','opera sabun (sinetron)',NULL),(1341,44,'broadcast','brɑdkèst','siaran',NULL),(1342,44,'presenter','priˈzèntê(r)','pembawa acara',NULL),(1343,44,'reporter','riˈpɔːtê','peliput',NULL),(1344,44,'newscaster','nyuːzkèstêr','pembaca berita',NULL),(1345,44,'radio station','reidiou ˈsteisyên','stasiun radio',NULL),(1346,44,'TV station','tiːˈviː ˈsteisyên','stasiun televisi',NULL),(1347,44,'cinema','sin.i.mɑː','bioskop',NULL),(1348,44,'movie theater','muvi ˌθi.êtê','bioskop',NULL),(1349,44,'flute','fluːt','suling',NULL),(1350,44,'director','daiˈrèktê(r)','sutradara',NULL),(1351,44,'screenwriter','skriːnraitêr','penulis naskah',NULL),(1352,44,'screenplay','skriːnˌplei','naskah',NULL),(1353,44,'script','skript','naskah',NULL),(1354,44,'actor','èk.tê','pemeran laki-laki',NULL),(1355,44,'actress','ak.três','pemeran perempuan',NULL),(1356,44,'true story','truː ˈstɔːri','kisah nyata',NULL),(1357,44,'engraving','inˈɡreiving','ukiran',NULL),(1358,44,'pottery','pɒtêri','tembikar',NULL),(1359,44,'sculpting','skalpting','memahat',NULL),(1360,44,'sculpture','skalpty(u)ê','patung',NULL),(1361,44,'sewing machine','souing mêˈsyiːn','mesin jahit',NULL),(1362,44,'embroidery','imˈbrɔidêri','menyulam',NULL),(1363,44,'weaving','wiːving','menenun',NULL),(1364,44,'knitting','niting','merajut',NULL),(1365,44,'fabric','fèb.rik','kain',NULL),(1366,45,'I','ai','saya',NULL),(1367,45,'you','yuː','kamu, Anda',NULL),(1368,45,'he','hi','dia (laki-laki)',NULL),(1369,45,'she','syiː','dia (perempuan)',NULL),(1370,45,'it','it','ia (benda mati, hewan)',NULL),(1371,45,'we','wiː','kami',NULL),(1372,45,'they','dzei','mereka',NULL),(1373,45,'me','miː','saya',NULL),(1374,45,'you','yuː','kamu, Anda',NULL),(1375,45,'him','êm','dia (laki-laki)',NULL),(1376,45,'her','ê(r)','dia (perempuan)',NULL),(1377,45,'it','it','ia (benda mati, hewan)',NULL),(1378,45,'us','ês','kami',NULL),(1379,45,'them','dzam','mereka',NULL),(1380,46,'mine','main','milik saya',NULL),(1381,46,'yours','yɔːrz','milik kamu',NULL),(1382,46,'his','hiz','milik dia (laki-laki)',NULL),(1383,46,'hers','êz','milik dia (perempuan)',NULL),(1384,46,'ours','ɑːz','milik kami',NULL),(1385,46,'theirs','dzèêz','milik mereka',NULL),(1386,47,'myself','maiˈsèlf','diri saya sendiri',NULL),(1387,47,'yourself','yɔːˈsèlf','diri kamu sendiri, diri Anda sendiri',NULL),(1388,47,'himself','himˈsèlf','diri dia sendiri (laki-laki)',NULL),(1389,47,'herself','hêːˈsèlf','diri dia sendiri (perempuan)',NULL),(1390,47,'itself','itˈsèlf','diri itu sendiri',NULL),(1391,47,'ourselves','auêˈsèlvz','diri kami sendiri',NULL),(1392,47,'yourselves','yɔːˈsèlvz','diri kalian sendiri',NULL),(1393,47,'themselves','dzêmˈsèlvz','diri mereka sendiri',NULL),(1394,48,'this','dzês','ini',NULL),(1395,48,'that','dzèt','itu',NULL),(1396,48,'these','dziːz','ini (jamak)',NULL),(1397,48,'those','dzêuz','itu (jamak)',NULL),(1398,49,'who','huː','siapa',NULL),(1399,49,'whom','huːm','siapa (objek)',NULL),(1400,49,'whose','huːz','milik siapa',NULL),(1401,49,'what','wɔt','apa',NULL),(1402,49,'which','wich','yang mana',NULL),(1403,50,'who','huː','yang (subjek, orang)',NULL),(1404,50,'whom','huːm','yang (objek, orang)',NULL),(1405,50,'whose','huːz','yang (kepemilikan)',NULL),(1406,50,'which','wich','yang (benda/hewan)',NULL),(1407,50,'that','dzèt','yang',NULL),(1408,51,'all','ɔːl','semua',NULL),(1409,51,'another','èˈnadz.ê(r)','lain',NULL),(1410,51,'any','èni','apa saja, siapa saja',NULL),(1411,51,'anybody','èn.i.bɒd.i','siapa saja',NULL),(1412,51,'anyone','èniˌwan','siapa saja',NULL),(1413,51,'anything','è.nê.θing','apa saja',NULL),(1414,51,'both','bêuθ','keduanya',NULL),(1415,51,'each','iːch','masing-masing',NULL),(1416,51,'either','aidz.ê(r)','salah satu (dari dua)',NULL),(1417,51,'everybody','èvribɒdi','semua orang',NULL),(1418,51,'everyone','èv.ri.wan','semua orang',NULL),(1419,51,'everything','èvriθing','segalanya',NULL),(1420,51,'few','fyuː','sedikit',NULL),(1421,51,'many','mèni','banyak',NULL),(1422,51,'neither','naidz.ê(r)','tidak satu pun (dari dua)',NULL),(1423,51,'nobody','noubêdi','tidak ada orang',NULL),(1424,51,'none','nɒn','tidak ada',NULL),(1425,51,'nothing','naθing','tidak ada apa-apa',NULL),(1426,51,'one','wan','satu, seseorang',NULL),(1427,51,'other','ɐdzê','lainnya',NULL),(1428,51,'several','sèv(ê)rêl','beberapa',NULL),(1429,51,'some','sɐm','beberapa, sebagian',NULL),(1430,51,'somebody','sambêdi','seseorang',NULL),(1431,51,'someone','samwan','seseorang',NULL),(1432,51,'something','samθing','sesuatu',NULL),(1433,76,'black','blak','hitam',NULL),(1434,76,'white','wait','putih',NULL),(1435,76,'green','ɡriːn','hijau',NULL),(1436,76,'yellow','yèlê','kuning',NULL),(1437,76,'orange','ɔrɪ̈ndj','oranye',NULL),(1438,76,'brown','braun','cokelat',NULL),(1439,76,'purple','pêː(r).pêl','ungu',NULL),(1440,76,'pink','pingk','merah muda',NULL),(1441,76,'gray','ɡrei','abu-abu',NULL),(1442,53,'absolute','èb.sêˌlyuːt','mutlak',NULL),(1443,53,'relative','rèlêtiv','relatif',NULL),(1444,53,'actual','ak(t)syy(u)êl','sebenarnya',NULL),(1445,53,'fake','feik','palsu',NULL),(1446,53,'advanced','êdˈvɑːnst','canggih',NULL),(1447,53,'basic','beisik','dasar',NULL),(1448,53,'alive','êˈlaiv','hidup',NULL),(1449,53,'dead','diːd','mati',NULL),(1450,53,'alone','êˈlêun','sendiri',NULL),(1451,53,'together','têˈɡèdz.ê(r)','bersama',NULL),(1452,53,'already','ɑlˈrèdi','sudah',NULL),(1453,53,'not yet','nɑːt yèt','belum',NULL),(1454,53,'ancient','ein.syênt','kuno',NULL),(1455,53,'modern','mɒd(ê)n','modern',NULL),(1456,53,'anxious','ang(k)syês','gelisah',NULL),(1457,53,'calm','kam','tenang',NULL),(1458,53,'away','êˈwei','jauh',NULL),(1459,53,'nearby','niêrbai','dekat',NULL),(1460,53,'beautiful','byuːtifêl','cantik',NULL),(1461,53,'ugly','aɡli','jelek',NULL),(1462,53,'big','biɡ','besar',NULL),(1463,53,'small','smoːl','kecil',NULL),(1464,53,'brave','breiv','berani',NULL),(1465,53,'cowardly','kauêdli','pengecut',NULL),(1466,53,'bright','brait','cerah',NULL),(1467,53,'dark','dɑːk','gelap',NULL),(1468,53,'broad','brɑd','luas',NULL),(1469,53,'narrow','nèrêu','sempit',NULL),(1470,53,'broken','brêukên','rusak',NULL),(1471,53,'fixed','fikst','diperbaiki',NULL),(1472,53,'busy','bizi','sibuk',NULL),(1473,53,'free','friː','bebas',NULL),(1474,53,'careful','kèrfêl','berhati-hati',NULL),(1475,53,'careless','kèêlês','ceroboh',NULL),(1476,53,'cheap','chiːp','murah',NULL),(1477,53,'expensive','èkˈspènsiv','mahal',NULL),(1478,53,'cheerful','chiêfêl','riang',NULL),(1479,53,'depressed','diˈprèst','sedih',NULL),(1480,53,'clean','kleːn','bersih',NULL),(1481,53,'dirty','dêːti','kotor',NULL),(1482,53,'confident','kɒn.fi.dênt','percaya diri',NULL),(1483,53,'shy','syai','malu',NULL),(1484,53,'deep','diːp','dalam',NULL),(1485,53,'shallow','syèlou','dangkal',NULL),(1486,53,'diligent','dilidjênt','rajin',NULL),(1487,53,'lazy','leizi','malas',NULL),(1488,53,'distant','distênt','jauh',NULL),(1489,53,'near','niê(r)','dekat',NULL),(1490,53,'distinct','disˈtingkt','berbeda',NULL),(1491,53,'similar','simêlê','serupa',NULL),(1492,53,'diverse','daiˈvêːrs','beragam',NULL),(1493,53,'uniform','yuːnifɔːm','seragam',NULL),(1494,53,'domestic','dêˈmèstik','domestik',NULL),(1495,53,'foreign','fɒrên','asing',NULL),(1496,53,'easy','iːzi','mudah',NULL),(1497,53,'difficult','difikêlt','sulit',NULL),(1498,53,'essential','iˈsèn.syêl','penting',NULL),(1499,53,'nonessential','nɑːniˈsènʧêl','tidak penting',NULL),(1500,53,'fast','fɑːst','cepat',NULL),(1501,53,'slow','slêu','lambat',NULL),(1502,53,'fat','fèt','gemuk',NULL),(1503,53,'slim','slim','langsing',NULL),(1504,53,'fearless','fiêlês','tak kenal takut',NULL),(1505,53,'fearful','fiêfêl','penakut',NULL),(1506,53,'first','first','pertama',NULL),(1507,53,'final','fai.nêl','terakhir',NULL),(1508,53,'former','fɔːmê','sebelumnya',NULL),(1509,53,'latter','lèt̬.êr','sesudahnya',NULL),(1510,53,'fresh','frèsy','segar',NULL),(1511,53,'stale','steil','basi',NULL),(1512,53,'full','ful','penuh',NULL),(1513,53,'empty','èmpti','kosong',NULL),(1514,53,'global','ɡlêubêl','global',NULL),(1515,53,'local','lêukl̩','lokal',NULL),(1516,53,'good','ɡu(d)','baik',NULL),(1517,53,'bad','bèːd','buruk',NULL),(1518,53,'happy','hèpiː','bahagia',NULL),(1519,53,'sad','sèd','sedih',NULL),(1520,53,'healthy','hèl.θi','sehat',NULL),(1521,53,'sick','sik','sakit',NULL),(1522,53,'heavy','he.vi','berat',NULL),(1523,53,'light','lait','ringan',NULL),(1524,53,'high','hai','tinggi',NULL),(1525,53,'low','lêu','rendah',NULL),(1526,53,'honest','ɒnist','jujur',NULL),(1527,53,'dishonest','diˈsɒnist','tidak jujur',NULL),(1528,53,'hot','hɒt','panas',NULL),(1529,53,'cold','kould','dingin',NULL),(1530,53,'hot','hɒt','panas',NULL),(1531,53,'cool','kuːl','sejuk',NULL),(1532,53,'huge','hyuːdj','besar sekali',NULL),(1533,53,'tiny','taini','kecil',NULL),(1534,53,'humble','hambêl','rendah hati',NULL),(1535,53,'arrogant','èrêɡênt','sombong',NULL),(1536,53,'innocent','inêsn̩t','tidak bersalah',NULL),(1537,53,'guilty','ɡil.ti','bersalah',NULL),(1538,53,'intelligent','inˈtèlidjênt','cerdas',NULL),(1539,53,'dull','dêl','bodoh',NULL),(1540,53,'interesting','int(ê)rèsting','menarik',NULL),(1541,53,'boring','bɔːring','membosankan',NULL),(1542,53,'kind','kaind','baik',NULL),(1543,53,'mean','miːn','jahat',NULL),(1544,54,'large','lɑːdj','besar',NULL),(1545,54,'small','smoːl','kecil',NULL),(1546,54,'late','leit','terlambat',NULL),(1547,54,'early','êː.li','awal',NULL),(1548,54,'least','list','paling sedikit',NULL),(1549,54,'most','mêust','paling banyak',NULL),(1550,54,'left','lèft','kiri',NULL),(1551,54,'right','rait','kanan',NULL),(1552,54,'legal','liː.ɡêl','legal',NULL),(1553,54,'illegal','iˈliːɡêl','ilegal',NULL),(1554,54,'less','lès','lebih sedikit',NULL),(1555,54,'more','mɔː','lebih',NULL),(1556,54,'liberal','librêl','liberal',NULL),(1557,54,'conservative','kênˈsêːvêtiv','konservatif',NULL),(1558,54,'light','lait','terang',NULL),(1559,54,'dark','dɑːk','gelap',NULL),(1560,54,'little','li.ɾɫ̩','kecil / sedikit',NULL),(1561,54,'much','mach','banyak / besar',NULL),(1562,54,'lonely','lêunli','kesepian',NULL),(1563,54,'accompanied','êˈkampênid','ditemani',NULL),(1564,54,'loud','laud','keras',NULL),(1565,54,'quiet','kwai.êt','senyap',NULL),(1566,54,'major','mei.djê(r)','utama',NULL),(1567,54,'minor','mainê','kecil',NULL),(1568,54,'male','meil','laki-laki',NULL),(1569,54,'female','fiː.meil','perempuan',NULL),(1570,54,'married','mèr.id','menikah',NULL),(1571,54,'single','singɡêl','lajang',NULL),(1572,54,'modern','mɒd(ê)n','modern',NULL),(1573,54,'traditional','trêˈdisynêl','tradisional',NULL),(1574,54,'more','mɔː','lebih',NULL),(1575,54,'less','lès','lebih sedikit',NULL),(1576,54,'much','mach','banyak',NULL),(1577,54,'little','li.ɾɫ̩','sedikit',NULL),(1578,54,'near','niê(r)','dekat',NULL),(1579,54,'far','fɑː','jauh',NULL),(1580,54,'neat','niːt','rapi',NULL),(1581,54,'messy, untidy','mèsi, anˈtaidi','berantakan',NULL),(1582,54,'new','nyuː','baru',NULL),(1583,54,'old','ɒuld','lama',NULL),(1584,54,'noisy','nɔːizi','berisik',NULL),(1585,54,'silent','sailênt','diam',NULL),(1586,54,'obedient','êuˈbiːdiênt','patuh',NULL),(1587,54,'disobedient','dis.êˈbiː.diênt','tidak patuh',NULL),(1588,54,'old','ɒuld','tua',NULL),(1589,54,'young','yang','muda',NULL),(1590,54,'open','êu.pên','terbuka',NULL),(1591,54,'closed','klêuzd','tertutup',NULL),(1592,54,'optimistic','ɒptiˈmistik','optimis',NULL),(1593,54,'pessimistic','pè.sêˈmis.tik','pesimis',NULL),(1594,54,'polite','pêˈlait','sopan',NULL),(1595,54,'rude','ruːd','kasar',NULL),(1596,54,'powerful','pauêfl','kuat',NULL),(1597,54,'weak','wiːk','lemah',NULL),(1598,54,'previous','priːviês','sebelumnya',NULL),(1599,54,'next','nèkst','berikutnya',NULL),(1600,54,'prior','praiê','sebelumnya',NULL),(1601,54,'later','leitê','kemudian',NULL),(1602,54,'private','praivêt','pribadi',NULL),(1603,54,'public','pablik','publik',NULL),(1604,54,'quick','kwik','cepat',NULL),(1605,54,'slow','slêu','lambat',NULL),(1606,54,'rich','rich','kaya',NULL),(1607,54,'poor','poː','miskin',NULL),(1608,54,'right','rait','benar',NULL),(1609,54,'wrong','rɒng','salah',NULL),(1610,54,'rough','raf','kasar',NULL),(1611,54,'smooth','smuːdz','halus',NULL),(1612,54,'safe','seif','aman',NULL),(1613,54,'dangerous','deindj(ê)rês','berbahaya',NULL),(1614,54,'same','seim','sama',NULL),(1615,54,'different','dif.(ê)r.ênt','berbeda',NULL),(1616,54,'sharp','syɑːrp','tajam',NULL),(1617,54,'blunt','blant','tumpul',NULL),(1618,54,'similar','simêlê','serupa',NULL),(1619,54,'different','dif.(ê)r.ênt','berbeda',NULL),(1620,54,'simple','simpêl','sederhana',NULL),(1621,54,'complex','kɑːmplèks','kompleks',NULL),(1622,54,'smart','smɑːt','cerdas',NULL),(1623,54,'stupid','styuːpid','bodoh',NULL),(1624,54,'soft','sɑft','lembut',NULL),(1625,54,'hard','hɑːd','keras',NULL),(1626,54,'strong','strɑng','kuat',NULL),(1627,54,'weak','wiːk','lemah',NULL),(1628,54,'successful','sêkˈsèsfl̩','sukses',NULL),(1629,54,'failed','feild','gagal',NULL),(1630,54,'sweet','swiːt','manis',NULL),(1631,54,'bitter','bitê','pahit',NULL),(1632,54,'tall','tɔːl','tinggi',NULL),(1633,54,'short','syoːt','pendek',NULL),(1634,54,'temporary','tèmpêri','sementara',NULL),(1635,54,'permanent','pêːmênênt','permanen',NULL),(1636,54,'thick','θik','tebal',NULL),(1637,54,'thin','θin','tipis',NULL),(1638,54,'tidy','taidi','rapi',NULL),(1639,54,'messy','mèsi','berantakan',NULL),(1640,53,'tight','tait','ketat',NULL),(1641,53,'loose','luːs','longgar',NULL),(1642,53,'true','truː','benar',NULL),(1643,53,'false','fɒls','salah',NULL),(1644,53,'unique','yuːˈniːk','unik',NULL),(1645,53,'common','kɒmên','umum',NULL),(1646,53,'upper','apê','atas',NULL),(1647,53,'lower','lêuê','bawah',NULL),(1648,53,'valuable','vèlyuêbl̩','berharga',NULL),(1649,53,'worthless','wêːθlês','tidak berharga',NULL),(1650,53,'wealthy','wèl.θi','kaya',NULL),(1651,53,'poor','poː','miskin',NULL),(1652,53,'wide','wɑed','lebar',NULL),(1653,53,'narrow','nèrêu','sempit',NULL),(1654,53,'wild','waild','liar',NULL),(1655,53,'tamed','teimd','jinak',NULL),(1656,53,'wise','waiz','bijaksana',NULL),(1657,53,'foolish','fuː.lisy','bodoh',NULL),(1658,53,'patient','peisyênt','sabar',NULL),(1659,53,'impatient','imˈpeisyênt','tidak sabar',NULL),(1660,53,'possible','pɒsibl̩','mungkin',NULL),(1661,53,'impossible','imˈpɒs.ê.bêl','mustahil',NULL),(1662,53,'accurate','èk.yê.rit','tepat',NULL),(1663,53,'inaccurate','inˈè.kyu.rêt','tidak tepat',NULL),(1664,53,'active','èk.tiv','aktif',NULL),(1665,53,'inactive','inˈèktiv','tidak aktif',NULL),(1666,53,'adequate','èdikwit','memadai',NULL),(1667,53,'inadequate','inˈèdêkwit','tidak memadai',NULL),(1668,53,'appropriate','êˈproupriit','sesuai',NULL),(1669,53,'inappropriate','inêˈprêupri.êt','tidak sesuai',NULL),(1670,53,'capable','keipêbl̩','mampu',NULL),(1671,53,'incapable','inˈkeipêbl̩','tidak mampu',NULL),(1672,53,'consistent','kênˈsistênt','konsisten',NULL),(1673,53,'inconsistent','inkênˈsistênt','tidak konsisten',NULL),(1674,53,'dependent','diˈpèndênt','bergantung',NULL),(1675,53,'independent','indiˈpèndênt','mandiri',NULL),(1676,53,'direct','d(a)iˈrèkt','langsung',NULL),(1677,53,'indirect','indaiˈrèkt','tidak langsung',NULL),(1678,53,'effective','êˈfèktiv','efektif',NULL),(1679,53,'ineffective','iniˈfèktiv','tidak efektif',NULL),(1680,54,'efficient','êˈfisyênt','efisien',NULL),(1681,54,'inefficient','iniˈfisyênt','tidak efisien',NULL),(1682,54,'formal','fɔːmêl','resmi',NULL),(1683,54,'informal','inˈfɔːm(ê)l','tidak resmi',NULL),(1684,54,'sufficient','sêˈfisyênt','cukup',NULL),(1685,54,'insufficient','insêˈfisyênt','tidak cukup',NULL),(1686,54,'visible','vizêb(ê)l','terlihat',NULL),(1687,54,'invisible','inˈvizêb(ê)l','tidak terlihat',NULL),(1688,54,'rational','rèsy(ê)nêl','rasional',NULL),(1689,54,'irrational','iˈrèsy.(ê.)nêl','tidak rasional',NULL),(1690,54,'regular','rèɡyulê','reguler',NULL),(1691,54,'irregular','iˈrèɡyêlê','tidak teratur',NULL),(1692,54,'responsible','riˈspɒnsêbl̩','bertanggung jawab',NULL),(1693,54,'irresponsible','irêˈspɑnsibêl','tidak bertanggung jawab',NULL),(1694,54,'able','ei.bl̩','mampu',NULL),(1695,54,'unable','anˈeibêl','tidak mampu',NULL),(1696,54,'available','êˈveilêb(ê)l','tersedia',NULL),(1697,54,'unavailable','anêˈveilêbêl','tidak tersedia',NULL),(1698,54,'certain','sɝtn̩','yakin',NULL),(1699,54,'uncertain','anˈsêːtên','tidak yakin',NULL),(1700,54,'clear','kliê(r)','jelas',NULL),(1701,54,'unclear','anˈkliê','tidak jelas',NULL),(1702,54,'comfortable','kamftêbêl(commonly pronounced as ˈkamfêrtêbêl)','nyaman',NULL),(1703,54,'uncomfortable','anˈkam.fê.tê.bêl','tidak nyaman',NULL),(1704,54,'equal','iːkwêl','setara',NULL),(1705,54,'unequal','anˈiːkwêl','tidak setara',NULL),(1706,54,'fair','feː(ê)','adil',NULL),(1707,54,'unfair','anˈfèê(r)','tidak adil',NULL),(1708,54,'friendly','frèndli','ramah',NULL),(1709,54,'unfriendly','anˈfrèn(d)li','tidak ramah',NULL),(1710,54,'important','imˈpɔːtênt','penting',NULL),(1711,54,'unimportant','animˈpɔːrtênt','tidak penting',NULL),(1712,54,'alike','êˈlaik','mirip',NULL),(1713,54,'unlike','anˈlaik','berbeda',NULL),(1714,54,'likely','laikli','mungkin',NULL),(1715,54,'unlikely','anˈlaikli','tidak mungkin',NULL),(1716,54,'lucky','laki','beruntung',NULL),(1717,54,'unlucky','anˈlaki','tidak beruntung',NULL),(1718,54,'pleasant','plèzênt','menyenangkan',NULL),(1719,54,'unpleasant','anˈplezênt','tidak menyenangkan',NULL),(1720,54,'real','riːl','nyata',NULL),(1721,54,'unreal','anˈri.êl','tidak nyata',NULL),(1722,54,'willing','wiling','bersedia',NULL),(1723,54,'unwilling','anˈwiling','tidak bersedia',NULL),(1724,55,'biological','baiê(u)ˈlɒdjikêl','biologis',NULL),(1725,55,'central','sèntrêl','sentral',NULL),(1726,55,'colonial','kêˈlêu.ni.êl','kolonial',NULL),(1727,55,'commercial','kêˈmêːsyêl','komersial',NULL),(1728,55,'constitutional','kɒnstiˈtyuːsyênêl','konstitusional',NULL),(1729,55,'controversial','kɒn.trê.ˈvêː.syêl','kontroversial',NULL),(1730,55,'conventional','kênˈvènsyênl','konvensional',NULL),(1731,55,'criminal','krimênêl','kriminal',NULL),(1732,55,'crucial','kruː.syêl','penting',NULL),(1733,55,'cultural','kalchêrêl','budaya',NULL),(1734,55,'digital','didjitêl','digital',NULL),(1735,55,'educational','èdjuˈkeisyênêl','pendidikan',NULL),(1736,55,'emotional','iˈmêusynêl','emosional',NULL),(1737,55,'environmental','inˌvairênˈmèntêl','lingkungan',NULL),(1738,55,'financial','faiˈnènsyêl','keuangan',NULL),(1739,55,'fundamental','fandêˈmèntêl','mendasar',NULL),(1740,55,'hypocritical','hipêˈkritikêl','munafik',NULL),(1741,55,'ideal','aiˈdiː.êl','ideal',NULL),(1742,55,'impartial','imˈpɑr.syêl','tidak memihak',NULL),(1743,55,'intellectual','intêˈlèk(t)syuêl','intelektual',NULL),(1744,55,'international','intêˈnèsy(ê)n(ê)l','internasional',NULL),(1745,55,'medical','mèdikl̩','medis',NULL),(1746,55,'mutual','myuːchuêl','saling/timbal balik',NULL),(1747,55,'national','nèsy(ê)nêl','nasional',NULL),(1748,55,'natural','nèchêrêl','alami',NULL),(1749,55,'normal','nɔːmêl','normal',NULL),(1750,55,'original','êˈridjnêl','asli',NULL),(1751,55,'overall','ouvêrɔːl','keseluruhan',NULL),(1752,55,'personal','pêː.sên.êl','pribadi',NULL),(1753,55,'political','pêˈlitikêl','politik',NULL),(1754,55,'practical','prèktikêl','praktis',NULL),(1755,55,'presidential','prèziˈdènsy(ê)l','presidensial',NULL),(1756,55,'professional','prêˈfèsyênêl','profesional',NULL),(1757,55,'psychological','saikêˈlɒdjikl','psikologis',NULL),(1758,55,'racial','reisyêl','rasial',NULL),(1759,55,'regional','riːdjnêl','regional',NULL),(1760,55,'several','sèv(ê)rêl','beberapa',NULL),(1761,55,'sexual','sèksyuêl','seksual',NULL),(1762,55,'skeptical','skeptikêl','skeptis',NULL),(1763,55,'social','sêusyêl','sosial',NULL),(1764,55,'special','spè.syêl','spesial',NULL),(1765,55,'spiritual','spirityuêl','spiritual',NULL),(1766,55,'substantial','sêbˈstènsyêl','cukup penting',NULL),(1767,55,'technical','tèk.nik.êl','teknis',NULL),(1768,55,'universal','yuːniˈvêːsl̩','universal',NULL),(1769,55,'unusual','anˈyuːzhuêl','tidak biasa',NULL),(1770,55,'usual','yuːzhuêl','biasa',NULL),(1771,55,'vital','vait̬êl','penting',NULL),(1772,55,'considerable','kênˈsidêrêbl̩','besar',NULL),(1773,55,'miserable','miz(ê)rêbêl','sengsara',NULL),(1774,55,'reasonable','riː.zên.ê.bêl','wajar',NULL),(1775,55,'reliable','riˈlaiêbêl','dapat diandalkan',NULL),(1776,55,'remarkable','riˈmɑːkêbl̩','luar biasa',NULL),(1777,55,'sensible','sen.sê.bl̩','bijaksana',NULL),(1778,55,'sociable','sousyêbêl','ramah',NULL),(1779,55,'terrible','tè.rê.bl̩','mengerikan',NULL),(1780,55,'vulnerable','valn(ê)rêbl̩','rentan',NULL),(1781,55,'amazed','êˈmeizd','kagum',NULL),(1782,55,'amused','êˈmyuːzd','senang',NULL),(1783,55,'armed','ɑːmd','bersenjata',NULL),(1784,55,'ashamed','êˈsyeimd','malu',NULL),(1785,55,'bored','bɔːd','bosan',NULL),(1786,55,'complicated','kɒmplikeitid','rumit',NULL),(1787,55,'concerned','kênˈsêːnd','prihatin',NULL),(1788,55,'confused','kênˈfyuːzd','bingung',NULL),(1789,55,'crooked','krukt','bengkok',NULL),(1790,55,'detailed','diˈteild','terperinci',NULL),(1791,55,'determined','diˈtêːmind','bertekad',NULL),(1792,55,'distracted','diˈstrèktid','terganggu',NULL),(1793,55,'embarrassed','imˈbèr.êst','malu',NULL),(1794,55,'faded','feidid','pudar',NULL),(1795,55,'frightened','fraitn̩d','takut',NULL),(1796,55,'frustrated','frêsˈtreit.id','frustrasi',NULL),(1797,55,'gifted','ɡiftid','berbakat',NULL),(1798,55,'interested','intêrèstêd','tertarik',NULL),(1799,55,'limited','limitid','terbatas',NULL),(1800,55,'naked','nèkid','telanjang',NULL),(1801,55,'pained','peind','kesakitan',NULL),(1802,55,'proposed','prêˈpêuzd','diusulkan',NULL),(1803,55,'puzzled','pazêld','bingung',NULL),(1804,55,'relieved','riˈliːvd','lega',NULL),(1805,55,'reserved','riˈzêːvd','pendiam',NULL),(1806,55,'sacred','seikrid','suci',NULL),(1807,55,'scared','skèêd','takut',NULL),(1808,55,'shocked','syɒkt','terkejut',NULL),(1809,55,'sophisticated','sêˈfistikeitid','canggih',NULL),(1810,55,'supposed','spoust','seharusnya',NULL),(1811,55,'surprised','sêˈpraizd','terkejut',NULL),(1812,55,'tired','taiêd','lelah',NULL),(1813,55,'worried','warid','khawatir',NULL),(1814,55,'academic','èkêˈdèmik','akademik',NULL),(1815,55,'artistic','ɑːˈtistik','artistik',NULL),(1816,55,'athletic','èθˈlèt.ik','atletis',NULL),(1817,55,'chemical','kèmikêl','kimiawi',NULL),(1818,55,'classic','klè.sik','klasik',NULL),(1819,55,'clinical','klinikêl','klinis',NULL),(1820,55,'critical','kritikêl','kritis',NULL),(1821,55,'democratic','dèmêˈkrètik','demokratis',NULL),(1822,55,'diplomatic','diplêˈmètik','diplomatik',NULL),(1823,55,'dramatic','drêˈmètik','dramatis',NULL),(1824,55,'dynamic','daiˈnè.mik','dinamis',NULL),(1825,55,'economic','iːkêˈnɒmik','ekonomi',NULL),(1826,55,'ecstatic','èkˈstètik','sangat gembira',NULL),(1827,55,'efficient','êˈfisyênt','efisien',NULL),(1828,55,'electric','êˈlèktrik','listrik',NULL),(1829,55,'electronic','iˌlèkˈtrɒn.ik','elektronik',NULL),(1830,55,'energetic','ènêrˈdjètik','energik',NULL),(1831,55,'enthusiastic','inˌθyuːziˈèstik','antusias',NULL),(1832,55,'historic','(h)iˈstɒrik','bersejarah',NULL),(1833,55,'musical','myu.zi.kêl','berhubungan dengan musik',NULL),(1834,55,'official','êˈfisyêl','resmi',NULL),(1835,55,'organic','ɔːˈɡènik','organik',NULL),(1836,55,'particular','pêˈtikyêlê','tertentu',NULL),(1837,55,'physical','fizikêl','fisik',NULL),(1838,55,'radical','rèdikêl','radikal',NULL),(1839,55,'romantic','rê-','romantis',NULL),(1840,55,'scientific','saiênˈtifik','ilmiah',NULL),(1841,55,'specific','spêˈsif.ik','spesifik',NULL),(1842,55,'strategic','strêˈtiː.djik','strategis',NULL),(1843,55,'easygoing','iːziˌɡouing','santai',NULL),(1844,55,'exciting','ikˈsaiting','seru',NULL),(1845,55,'existing','iɡˈzisting','ada',NULL),(1846,55,'growing','ɡrêuing','berkembang',NULL),(1847,55,'leading','liːding','terkemuka',NULL),(1848,55,'loving','laving','penuh kasih',NULL),(1849,55,'manufacturing','mènyuˈfèkchêring','manufaktur',NULL),(1850,55,'ongoing','ɑːnˌɡouing','berlangsung',NULL),(1851,55,'remaining','riˈmeining','tersisa',NULL),(1852,55,'shining','syaining','berkilau',NULL),(1853,55,'surprising','sêˈpraizing','mengejutkan',NULL),(1854,55,'aggressive','êˈɡrès.iv','agresif',NULL),(1855,55,'alternative','ɒl.ˈtêː(r).nê.tiv','alternatif',NULL),(1856,55,'attractive','êˈtrèktiv','menarik',NULL),(1857,55,'cognitive','kɒɡnitiv','kognitif',NULL),(1858,55,'collective','kêˈlèktiv','kolektif',NULL),(1859,55,'competitive','kêmˈpètitiv','kompetitif',NULL),(1860,55,'comprehensive','kɒm.priˈhèn.siv','menyeluruh',NULL),(1861,55,'creative','kriˈeitiv','kreatif',NULL),(1862,55,'defensive','diˈfènsiv','defensif',NULL),(1863,55,'executive','èɡˈzèkyutiv','eksekutif',NULL),(1864,55,'extensive','èksˈtèn.siv','luas',NULL),(1865,55,'imaginative','iˈmaj(ê)nêdiv','imajinatif',NULL),(1866,55,'impressive','imˈprèsiv','mengesankan',NULL),(1867,55,'massive','mès.iv','sangat besar',NULL),(1868,55,'native','neitiv','asli',NULL),(1869,55,'negative','nè(e)ɡêˌɾiv','negatif',NULL),(1870,55,'objective','ɒbˈdjèk.tiv','objektif',NULL),(1871,55,'offensive','êˈfènsiv','menyinggung',NULL),(1872,55,'positive','pɑːzêtiv','positif',NULL),(1873,55,'representative','rèpriˈzènt(êt)iv','perwakilan',NULL),(1874,55,'sensitive','sènsitiv','peka',NULL),(1875,55,'supportive','sêˈpɔːtiv','mendukung',NULL),(1876,55,'talkative','tɔːkêtiv','cerewet',NULL),(1877,55,'adventurous','èdˈvèn.chê.as','petualang',NULL),(1878,55,'ambitious','èmˈbisyês','ambisius',NULL),(1879,55,'conscientious','kɒnsyiˈènsyês','teliti',NULL),(1880,55,'courageous','kêˈreidjês','berani',NULL),(1881,55,'courteous','kêːti.ês','sopan',NULL),(1882,55,'curious','kyɔː-','penasaran',NULL),(1883,55,'delicious','diˈlisyês','lezat',NULL),(1884,55,'enormous','iˈnɔː(r)mês','sangat besar',NULL),(1885,55,'envious','ènviês','iri',NULL),(1886,55,'famous','feimês','terkenal',NULL),(1887,55,'generous','djèn(ê)rês','dermawan',NULL),(1888,55,'gorgeous','ɡɔːdjês','menawan',NULL),(1889,55,'humorous','hyuːmêrês','lucu',NULL),(1890,55,'jealous','djèlês','cemburu',NULL),(1891,55,'nervous','nêːvês','gugup',NULL),(1892,55,'numerous','nyuːmêrês','banyak',NULL),(1893,55,'obvious','ɒ.viês','jelas',NULL),(1894,76,'religious','ri.ˈli.djês','religius',NULL),(1895,76,'serious','siê.ri.ês','serius',NULL),(1896,76,'suspicious','sêˈspi.syês','mencurigakan',NULL),(1897,76,'tremendous','trêˈmèndês','luar biasa',NULL),(1898,76,'various','vèê.ri.ês','beragam',NULL),(1899,76,'awful','ɔːfêl','buruk',NULL),(1900,76,'bashful','bèsyfêl','malu',NULL),(1901,76,'faithful','feiθ.fêl','setia',NULL),(1902,76,'helpful','hèlp.fêl','suka menolong',NULL),(1903,76,'hopeful','hêupfêl','penuh harapan',NULL),(1904,76,'joyful','djɔifêl','gembira',NULL),(1905,76,'regretful','riˈɡrètfêl','menyesal',NULL),(1906,76,'thoughtful','θɔːtfêl','penuh pertimbangan',NULL),(1907,76,'useful','yuːsfêl','berguna',NULL),(1908,76,'wonderful','wan.dê.fl','luar biasa',NULL),(1909,76,'angry','èng.ɡri','marah',NULL),(1910,76,'bossy','bɑsi','suka memerintah',NULL),(1911,76,'cheeky','chiːki','kurang ajar',NULL),(1912,76,'contemporary','kênˈtèm.p(ê).ri','kontemporer',NULL),(1913,76,'crazy','kreizi','gila',NULL),(1914,76,'curly','kêːli','keriting',NULL),(1915,76,'elderly','èldêli','lanjut usia',NULL),(1916,76,'extraordinary','iksˈtrɔː(r)dinêri','luar biasa',NULL),(1917,76,'funny','funi','lucu',NULL),(1918,76,'holy','hêuli','suci',NULL),(1919,76,'hungry','hang.ɡri','lapar',NULL),(1920,76,'literary','lit(ê)ri','sastra',NULL),(1921,76,'lovely','lavli','cantik',NULL),(1922,76,'naughty','nɔːti','nakal',NULL),(1923,76,'necessary','nèsêsri','perlu',NULL),(1924,76,'ordinary','ɔːdênri','biasa',NULL),(1925,76,'plucky','plaki','berani',NULL),(1926,76,'pretty','priti','cantik',NULL),(1927,76,'primary','praimêri','utama',NULL),(1928,76,'ready','rèdi','siap',NULL),(1929,76,'silly','sili','konyol',NULL),(1930,76,'sleepy','sliːpi','mengantuk',NULL),(1931,76,'sorry','sɔri','menyesal',NULL),(1932,76,'steady','stèdi','stabil',NULL),(1933,76,'thirsty','θêː(r)st.i','haus',NULL),(1934,76,'unhappy','anˈhèpi','tidak bahagia',NULL),(1935,76,'ahead','êˈhèd','di depan',NULL),(1936,76,'all','ɔːl','semua',NULL),(1937,76,'apart','êˈpɑː(r)t','terpisah',NULL),(1938,76,'apparent','êˈpè.rênt','tampak',NULL),(1939,76,'asleep','êˈsliːp','tertidur',NULL),(1940,76,'attentive','êˈtèntiv','penuh perhatian',NULL),(1941,76,'aware','êˈweːr','sadar',NULL),(1942,76,'best','bèst','terbaik',NULL),(1943,76,'better','bètêr','lebih baik',NULL),(1944,76,'blue','bluː','biru',NULL),(1945,76,'brief','briːf','singkat',NULL),(1946,76,'brilliant','brilyênt','cemerlang',NULL),(1947,76,'civil','siv.êl','sipil',NULL),(1948,76,'compassionate','kêmˈpèsyênêt','penuh kasih',NULL),(1949,76,'constant','kɒnstênt','konstan',NULL),(1950,76,'current','karênt','saat ini',NULL),(1951,76,'cute','kyuːt','lucu',NULL),(1952,76,'dear','diːr','sayang',NULL),(1953,76,'desperate','dèsp(ê)rêt','putus asa',NULL),(1954,76,'discreet','diˈskriːt','berhati-hati, bijak',NULL),(1955,76,'dominant','dɒminênt','dominan',NULL),(1956,76,'eager','iːɡê','bersemangat',NULL),(1957,76,'elegant','èl.ê.ɡênt','anggun',NULL),(1958,76,'enough','iˈnaf','cukup',NULL),(1959,76,'entire','inˈtaiêr','seluruh',NULL),(1960,76,'exact','iɡˈzèkt','akurat',NULL),(1961,76,'excellent','èksêlênt','luar biasa',NULL),(1962,76,'express','èk.ˈsprès','cepat',NULL),(1963,76,'extra','èkstrê','tambahan',NULL),(1964,76,'extreme','èkˈstriːm','ekstrem',NULL),(1965,76,'familiar','fêˈmil.i.ê','akrab',NULL),(1966,76,'favorite','feiv.rit','favorit',NULL),(1967,76,'fine','fèːn','bagus',NULL),(1968,76,'firm','fêːm','kokoh',NULL),(1969,76,'flat','flèt','datar',NULL),(1970,76,'frank','frèngk','jujur',NULL),(1971,76,'frequent','friː.kwênt','sering',NULL),(1972,76,'fun','fun','menyenangkan',NULL),(1973,76,'gentle','djèntl̩','lembut',NULL),(1974,76,'giant','djai.ênt','raksasa',NULL),(1975,76,'given','ɡi.vên','diberikan',NULL),(1976,76,'glad','ɡlèd','senang',NULL),(1977,76,'golden','ɡêul.dên','keemasan',NULL),(1978,76,'grand','ɡrènd','megah',NULL),(1979,76,'great','ɡreit','hebat',NULL),(1980,76,'handsome','hèn.sêm','tampan',NULL),(1981,76,'hurt','hêːt','terluka',NULL),(1982,76,'immediate','iˈmiːdiêt','segera',NULL),(1983,76,'indifferent','inˈdif.ê.rênt','cuek',NULL),(1984,76,'inner','inê','batin',NULL),(1985,76,'insane','inˈsein','gila',NULL),(1986,76,'intense','inˈtèns','kuat / mendalam / hebat',NULL),(1987,76,'legitimate','liˈdjitimit','sah',NULL),(1988,76,'lively','laivli','lincah',NULL),(1989,76,'lost','lɒst','hilang',NULL),(1990,76,'loyal','lɔiêl','setia',NULL),(1991,76,'mad','mèːd','marah',NULL),(1992,76,'medium','miːdiêm','sedang',NULL),(1993,76,'mere','miêr','sekadar, hanya',NULL),(1994,76,'moderate','mɑdêreit','sedang',NULL),(1995,76,'modest','mɑdêst','sederhana',NULL),(1996,76,'multiple','maltipl̩','banyak',NULL),(1997,76,'nice','nais','bagus',NULL),(1998,76,'novel','nɒvl̩','baru',NULL),(1999,76,'nuclear','n(y)ukliê','nuklir',NULL),(2000,76,'opposite','ɒpêsit','berlawanan',NULL),(2001,76,'other','ɐdzê','lain',NULL),(2002,76,'pale','peil','pucat',NULL),(2003,76,'passionate','pèsyênêt','penuh gairah',NULL),(2004,76,'past','pɑːst','lalu',NULL),(2005,76,'perfect','pêː.fèkt','sempurna',NULL),(2006,76,'persistent','pêˈsistênt','gigih',NULL),(2007,76,'placid','plès.id','tenang',NULL),(2008,76,'plump','plamp','montok',NULL),(2009,76,'popular','pɑːpyêlêr','populer',NULL),(2010,76,'pregnant','prèɡnênt','hamil',NULL),(2011,76,'prime','praɪ̯m','utama',NULL),(2012,76,'prominent','prɒminênt','menonjol',NULL),(2013,76,'proper','prɔp.ê','sesuai',NULL),(2014,76,'proud','praud','bangga',NULL),(2015,76,'pure','pyɔː','murni',NULL),(2016,76,'rapid','rèpid','cepat',NULL),(2017,76,'rare','rèê(r)','langka',NULL),(2018,76,'raw','rɔː','mentah',NULL),(2019,76,'recent','riːsênt','baru-baru ini',NULL),(2020,76,'relevant','rèlêvênt','relevan',NULL),(2021,76,'remote','riˈmout','terpencil / jauh',NULL),(2022,76,'republican','riˈpablikên','berhubungan dengan Republik',NULL),(2023,76,'routine','ruːˈtiːn','rutin',NULL),(2024,76,'sane','sein','waras',NULL),(2025,76,'secret','siːkrêt','rahasia',NULL),(2026,76,'secure','sêˈkyɔː(r)','aman',NULL),(2027,76,'selfish','sèlfisy','egois',NULL),(2028,76,'severe','siˈviê','berat',NULL),(2029,76,'significant','siɡˈni.fi.kênt','penting',NULL),(2030,76,'sincere','sinˈsiê(r)','tulus',NULL),(2031,76,'smug','smaɡ','pongah',NULL),(2032,76,'solar','sêulê','surya',NULL),(2033,76,'solid','sɒlid','padat',NULL),(2034,76,'some','sɐm','beberapa',NULL),(2035,76,'straight','streit','lurus',NULL),(2036,76,'straightforward','streitˈfɔːrwêrd','terus terang',NULL),(2037,76,'strange','streindj','aneh',NULL),(2038,76,'stubborn','stabên','keras kepala',NULL),(2039,76,'sudden','sadên','tiba-tiba',NULL),(2040,76,'super','s(y)uːpê(r)','luar biasa',NULL),(2041,76,'supreme','s(y)uːˈpriːm','tertinggi',NULL),(2042,76,'sure','syoː','pasti',NULL),(2043,76,'taciturn','tèsitêːn','pendiam',NULL),(2044,76,'timid','timid','pemalu',NULL),(2046,76,'tough','taf','tangguh',NULL),(2047,76,'vast','vɑːst','luas',NULL),(2048,76,'versatile','vɝsêtl̩','serbaguna',NULL),(2049,76,'violent','vai(ê)lênt','keras',NULL),(2050,76,'whole','hêul','seluruh',NULL),(2051,76,'widespread','waidˌsprèd','tersebar luas',NULL),(2052,76,'withdrawn','widzˈdrɔːn','pendiam',NULL),(2053,56,'here','hiːr','di sini',NULL),(2054,56,'there','dzeː(r)','di sana',NULL),(2055,56,'everywhere','èv.ri.(h)weê(r)','di mana-mana',NULL),(2056,56,'somewhere','sam.hweːr','di suatu tempat',NULL),(2057,56,'nowhere','nêu.wèê','tidak di mana-mana',NULL),(2058,56,'above','êˈbav','di atas',NULL),(2059,56,'below','biˈlêu','di bawah',NULL),(2060,56,'inside','inˈsaid','di dalam',NULL),(2061,56,'outside','autsaid','di luar',NULL),(2062,56,'near','niê(r)','dekat',NULL),(2063,56,'far','fɑː','jauh',NULL),(2064,56,'away','êˈwei','pergi / menjauh',NULL),(2065,56,'back','bèk','kembali',NULL),(2066,56,'up','ap','ke atas',NULL),(2067,56,'down','daun','ke bawah',NULL),(2068,57,'yesterday','yèstêdei','kemarin',NULL),(2069,57,'this morning','dzis ˈmɔːrning','pagi tadi',NULL),(2070,57,'today','têˈdei','hari ini',NULL),(2071,57,'tomorrow','têˈmɔrou','besok',NULL),(2072,57,'tonight','têˈnait','nanti malam',NULL),(2073,57,'now','nau','sekarang',NULL),(2074,57,'then','dzen','nanti',NULL),(2075,57,'later','leitê','nanti',NULL),(2076,57,'yet','yèt','belum',NULL),(2077,57,'early','êː.li','awal',NULL),(2078,57,'previously','priːvi.êsli','sebelumnya',NULL),(2079,57,'early days','êːrli deiz','dini hari',NULL),(2080,57,'recently','riːsêntli','baru-baru ini',NULL),(2081,57,'nowadays','nau.ê.deiz','dewasa ini',NULL),(2082,57,'all day','ɔːl dei','sepanjang hari',NULL),(2083,57,'constantly','kɒnstêntli','terus-menerus',NULL),(2084,57,'at that time','èt dzèt taim','pada waktu itu',NULL),(2085,57,'for hours','fɔːr ˈauêrz','selama berjam-jam',NULL),(2086,57,'for days','fɔːr deiz','selama berhari-hari',NULL),(2087,57,'for weeks','fɔːr wiːks','selama berminggu-minggu',NULL),(2088,57,'for months','fɔːr manθs','selama berbulan-bulan',NULL),(2089,57,'for years','fɔːr yirz','selama bertahun-tahun',NULL),(2090,57,'for centuries','fɔːr ˈsènʧêriz','selama berabad-abad',NULL),(2091,58,'always','ɔː(l).weiz','selalu',NULL),(2092,58,'usually','yuːzhyu(ê)li','biasanya',NULL),(2093,58,'generally','djèn.êr.ê.li','umumnya',NULL),(2094,58,'often','ɑf(t)ên','sering',NULL),(2095,58,'sometimes','samtaimz','kadang-kadang',NULL),(2096,58,'occasionally','êˈkeizhnêli','kadang-kadang',NULL),(2097,58,'seldom','sèldêm','jarang',NULL),(2098,58,'hardly ever','hɑːrdli ˈèvêr','jarang sekali',NULL),(2099,58,'rarely','rèːli','jarang sekali',NULL),(2100,58,'never','nèv.ê(r)','tidak pernah',NULL),(2101,58,'daily','deili','setiap hari',NULL),(2102,58,'weekly','wiːk.li','setiap minggu',NULL),(2103,58,'monthly','manθli','setiap bulan',NULL),(2104,58,'every day','èvri dei','setiap hari',NULL),(2105,58,'once a week','wans ê wiːk','seminggu sekali',NULL),(2106,58,'bimonthly','baiˈmanθli','setiap 2 bulan sekali',NULL),(2107,58,'biennial','baiˈèniêl','setiap 2 tahun sekali',NULL),(2108,59,'extremely','iksˈtriːmli','sangat, luar biasa',NULL),(2109,59,'exceptionally','ikˈsèpsyênêli','sangat, luar biasa',NULL),(2110,59,'really','riêli','sangat',NULL),(2111,59,'almost','ɔːl.ˈmêust','hampir',NULL),(2112,59,'quite','kwait','lumayan',NULL),(2113,59,'just','djast','hanya',NULL),(2114,59,'too …','tuː','terlalu …',NULL),(2115,59,'… enough','iˈnaf','cukup …',NULL),(2116,59,'very …','vèri','sangat …',NULL),(2117,60,'therefore','dzèêfɔː','karena itu',NULL),(2118,60,'thus','dzas','jadi',NULL),(2119,60,'accordingly','êˈkɔː(r).ding.li','demikian',NULL),(2120,60,'indeed','inˈdiːd','memang',NULL),(2121,60,'finally','fai.nêl.i','akhirnya',NULL),(2122,60,'however','hauˈèvêr','bagaimanapun',NULL),(2123,60,'thereby','dzèêˈbai','dengan demikian',NULL),(2124,60,'consequently','kɒnsiˌkwèntli','akibatnya',NULL),(2125,60,'subsequently','sab.si.kwênt.li','kemudian',NULL),(2126,60,'nevertheless','nèvêdzêlès','namun demikian',NULL),(2127,60,'nonetheless','nandzêˈlès','meskipun begitu',NULL),(2128,60,'otherwise','adz.êˌwaiz','sebaliknya',NULL),(2129,60,'conversely','kênˈvêːsli','sebaliknya',NULL),(2130,60,'moreover','mɔːˈrêuvê','lagipula',NULL),(2131,60,'furthermore','fêː(r).dzê(r).mɔː(r)','selanjutnya',NULL),(2132,60,'subsequently','sab.si.kwênt.li','kemudian',NULL),(2133,60,'then','dzen','selanjunya',NULL),(2134,60,'simultaneously','simêlˈteiniêsli','pada waktu yang sama',NULL),(2135,60,'meanwhile','miːnhwail','sementara itu',NULL),(2136,61,'apparently','êˈparêntli','tampaknya',NULL),(2137,61,'clearly','kliːrli','jelas',NULL),(2138,61,'presumably','priˈzyuːmêbli','agaknya',NULL),(2139,61,'probably','prɒbli','mungkin',NULL),(2140,61,'frankly','frèngkli','jujur saja',NULL),(2141,61,'unfortunately','anˈfɔːtyunêtli','sayangnya',NULL),(2142,61,'hopefully','hêupfêli','semoga',NULL),(2143,61,'rightly','raitli','sepatutnya',NULL),(2144,61,'luckily','lakêli','untungnya',NULL),(2145,61,'sadly','sadli','sayangnya',NULL),(2146,61,'fortunately','fɔːchênitli','untungnya',NULL),(2147,61,'unbelievably','anbiˈliːvêbli','luar biasa',NULL),(2148,62,'accept','èkˈsèpt','menerima','accepted'),(2149,62,'achieve','êˈchiːv','meraih','achieved'),(2150,62,'add','èd','menambahkan','added'),(2151,62,'admire','êdˈmaiê','mengagumi','admired'),(2152,62,'admit','êdˈmit','mengakui','admitted'),(2153,62,'adopt','êˈdɒpt','mengambil','adopted'),(2154,62,'advise','êdˈvaiz','menasihati','advised'),(2155,62,'afford','êˈfɔːd','memberi, mampu','afforded'),(2156,62,'agree','êˈɡri','setuju','agreed'),(2157,62,'alert','êˈlêːt','memperingatkan','alerted'),(2158,62,'allow','êˈlau','mengizinkan','allowed'),(2159,62,'amuse','êˈmyuːz','menghibur','amused'),(2160,62,'analyze','èn.ê.laiz','menganalisis','analyzed'),(2161,62,'announce','êˈnauns','mengumumkan','announced'),(2162,62,'annoy','êˈnɔi','mengganggu','annoyed'),(2163,62,'answer','an.sê','menjawab','answered'),(2164,62,'apologize','êˈpɒlêdjaiz','meminta maaf','apologized'),(2165,62,'appear','êˈpiːr','muncul','appeared'),(2166,62,'applaud','êˈplɔːd','tepuk tangan','applauded'),(2167,62,'appreciate','êˈpriː.si.eit','menghargai','appreciated'),(2168,62,'approve','êˈpruːv','menyetujui','approved'),(2169,62,'argue','ɑː.ɡyuː','membantah','argued'),(2170,62,'arrange','êˈreindj','mengatur','arranged'),(2171,62,'arrest','êˈrèst','menangkap','arrested'),(2172,62,'arrive','êˈraiv','tiba','arrived'),(2173,62,'ask','ask','bertanya','asked'),(2174,62,'assist','êˈsist','membantu','assisted'),(2175,62,'attach','êˈtèch','menempel','attached'),(2176,62,'attack','êˈtèk','menyerang','attacked'),(2177,62,'attempt','êˈtèmpt','mencoba','attempted'),(2178,62,'attend','êˈtènd','menghadiri','attended'),(2179,62,'attract','êˈtrèkt','menarik','attracted'),(2180,62,'avoid','êˈvɔid','menghindari','avoided'),(2181,62,'back','bèk','kembali','backed'),(2182,62,'bake','beik','memanggang','baked'),(2183,62,'balance','bèlêns','menyeimbangkan','balanced'),(2184,62,'ban','bèn','melarang','banned'),(2185,62,'bang','bèng(ɡ)','memukul','banged'),(2186,62,'bare','bèê(r)','membuka','bared'),(2187,62,'bat','bèt','memukul (dengan tongkat)','batted'),(2188,62,'bathe','beidz','mandi','bathed'),(2189,62,'battle','bètêl','bertarung','battled'),(2190,62,'beam','biːm','bercalaya','beamed'),(2191,62,'beg','bèɡ','mengemis','begged'),(2192,62,'behave','bêˈheiv','berperilaku baik','behaved'),(2193,62,'belong','biˈlɒng','termasuk','belonged'),(2194,62,'bleach','bliːch','memutihkan','bleached'),(2195,62,'bless','blès','memberkati','blessed'),(2196,62,'blind','blaind','membutakan','blinded'),(2197,62,'blink','blingk','berkedip','blinked'),(2198,62,'blot','blɒt','menodai','blotted'),(2199,62,'blush','blasy','memerah','blushed'),(2200,62,'boast','bêust','membanggakan','boasted'),(2201,62,'boil','bɔil','mendidihkan','boiled'),(2202,62,'bolt','bɒlt','mengunci','bolted'),(2203,62,'bomb','bɒm','mengebom','bombed'),(2204,62,'book','buːk','memesan','booked'),(2205,62,'bore','bɔː','membosankan','bored'),(2206,62,'borrow','bɔrou','meminjam','borrowed'),(2207,62,'bounce','bauns','melambung','bounced'),(2208,62,'bow','bêu','membungkuk','bowed'),(2209,62,'box','bɒks','mengepak','boxed'),(2210,62,'brake','breik','mengerem','braked'),(2211,62,'branch','brènch','bercabang','branched'),(2212,62,'breathe','briːdz','bernapas','breathed'),(2213,62,'bruise','bruːz','menumbuk','bruised'),(2214,62,'brush','brasy','menyikat','brushed'),(2215,62,'bubble','bab.êl','menggelembung','bubbled'),(2216,62,'bump','bamp','menabrak','bumped'),(2217,62,'burn','bêːn','membakar','burned/burnt'),(2218,62,'bury','ba.ri','mengubur','buried'),(2219,62,'buzz','baz','berdengung','buzzed'),(2220,62,'calculate','kèlkyêleit','menghitung','calculated'),(2221,62,'call','kɔːɫ','memanggil','called'),(2222,62,'camp','kèmp','berkemah','camped'),(2223,62,'care','kèê','peduli','cared'),(2224,62,'carry','kè.ri','membawa','carried'),(2225,62,'carve','kɑːv','mengukir','carved'),(2226,62,'cause','kɔːz','menyebabkan','caused'),(2227,62,'challenge','chèl.êndj','menantang','challenged'),(2228,62,'change','cheindj','mengubah','changed'),(2229,62,'charge','chɑːdj','mengenakan biaya','charged'),(2230,62,'chase','cheis','mengejar','chased'),(2231,62,'cheat','ʧiːt','mencurangi','cheated'),(2232,62,'check','chèk','memeriksa','checked'),(2233,62,'cheer','chiê(r)','bersorak','cheered'),(2234,62,'chew','chuː','mengunyah','chewed'),(2235,62,'choke','chêuk','tersedak','choked'),(2236,62,'chop','chɒp','memotong','chopped'),(2237,62,'claim','kleim','mengeklaim','claimed'),(2238,62,'clap','klèp','tepuk','clapped'),(2239,62,'clean','kleːn','membersihkan','cleaned'),(2240,62,'clear','kliê(r)','bersih','cleared'),(2241,62,'clip','klip','memotong','clipped'),(2242,62,'close','klêuz','menutupi','closed'),(2243,62,'coach','kêuch','melatih','coached'),(2244,62,'coil','kɔil','menggulung','coiled'),(2245,62,'collect','kêˈlèkt','mengumpulkan','collected'),(2246,62,'colour','kalêr','mewarnai','coloured'),(2247,62,'comb','kêum','menyisir','combed'),(2248,62,'command','kêˈmɑːnd','memerintah','commanded'),(2249,62,'communicate','kêˈmyuːnikeit','menyampaikan','communicated'),(2250,62,'compare','kêmˈpèê','membandingkan','compared'),(2251,62,'compete','kêm.ˈpiːt','bersaing','competed'),(2252,62,'complain','kêmˈplein','mengeluh','complained'),(2253,62,'complete','kêmˈpliːt','menyelesaikan','completed'),(2254,62,'concentrate','kɒn.sên.treit','memusatkan','concentrated'),(2255,62,'concern','kênˈsêːn','menyangkut','concerned'),(2256,62,'confess','kênˈfès','mengakui','confessed'),(2257,62,'confuse','kênˈfyuːz','bingung','confused'),(2258,62,'connect','kêˈnèkt','menghubungkan','connected'),(2259,62,'consider','kênˈsidê','mempertimbangkan','considered'),(2260,62,'consist','kênˈsist','terdiri atas','consisted'),(2261,62,'construct','kɒn.strakt','membangun','constructed'),(2262,62,'contain','kênˈtein','berisi','contained'),(2263,62,'continue','kênˈtinyuː','melanjutkan','continued'),(2264,62,'control','kênˈtrêul','mengendalikan','controlled'),(2265,62,'copy','kɒpi','salinan','copied'),(2266,62,'correct','kêˈrèkt','memperbaiki','corrected'),(2267,62,'cough','kɑf','batuk','coughed'),(2268,62,'count','kaunt','menghitung','counted'),(2269,62,'cover','kavê','menutupi','covered'),(2270,62,'crack','krèk','retak','cracked'),(2271,62,'crash','krèsy','menabrak','crashed'),(2272,62,'crawl','krɔl','merangkak','crawled'),(2273,62,'create','kriːˈeit','membuat','created'),(2274,62,'cross','krɑs','menyeberang','crossed'),(2275,62,'crush','krasy','menghancurkan','crushed'),(2276,62,'cry','kraɪ̯','menangis','cried'),(2277,62,'cure','kêː(r)','mengobati','cured'),(2278,62,'curl','kêːl','mengeriting','curled'),(2279,62,'curve','kêːv','melengkung','curved'),(2280,62,'cycle','saikêl','naik sepeda','cycled'),(2281,62,'dam','dèm','membendung','dammed'),(2282,62,'damage','dèmidj','merusak','damaged'),(2283,62,'dance','dèns','menari','danced'),(2284,62,'dare','dèê(r)','berani','dared'),(2285,62,'decay','diˈkei','membusuk','decayed'),(2286,62,'deceive','diˈsiːv','menipu','deceived'),(2287,62,'decide','diˈsaid','memutuskan','decided'),(2288,62,'decorate','dèkêreit','menghias','decorated'),(2289,62,'delay','diˈlei','menunda','delayed'),(2290,62,'delight','dêˈlait','menyenangkan','delighted'),(2291,62,'deliver','diˈlivê(r)','mengirim','delivered'),(2292,62,'depend','diˈpènd','bergantung','depended'),(2293,62,'describe','dêˈskraib','menggambarkan','described'),(2294,62,'desert','diˈzêːt','meninggalkan','deserted'),(2295,62,'deserve','diˈzêːv','layak menerima','deserved'),(2296,62,'destroy','diˈstrɔi','menghancurkan','destroyed'),(2297,62,'detect','diˈtèkt','mendeteksi','detected'),(2298,62,'develop','dèˈvè.lêp','mengembangkan','developed'),(2299,62,'disagree','disêˈɡriː','tidak setuju','disagreed'),(2300,62,'disappear','disêˈpiːr','menghilang','disappeared'),(2301,62,'disapprove','disêˈpruːv','tidak setuju','disapproved'),(2302,62,'disarm','disˈɑː(r)m','melucuti senjata','disarmed'),(2303,62,'discover','disˈkuvê','menemukan','discovered'),(2304,62,'dislike','disˈlaik','membenci','disliked'),(2305,62,'divide','diˈvaid','membagi','divided'),(2306,62,'double','dab.êl','menggandakan','doubled'),(2307,62,'doubt','daut','ragu','doubted'),(2308,63,'drag','drèɡ','menyeret','dragged'),(2309,63,'drain','drein','mengeringkan','drained'),(2310,63,'dream','driːm','bermimpi','dreamed/dreamt'),(2311,63,'dress','drès','berpakaian','dressed'),(2312,63,'drip','drip','menetes','dripped'),(2313,63,'drop','drɒp','menjatuhkan','dropped'),(2314,63,'drown','draun','menenggelamkan','drowned'),(2315,63,'drum','dram','mengetuk','drummed'),(2316,63,'dry','drai','mengeringkan','dried'),(2317,63,'dust','dast','membersihkan','dusted'),(2318,63,'earn','êːn','menghasilkan','earned'),(2319,63,'educate','edjɘkèet','mendidik','educated'),(2320,63,'embarrass','imˈbè.rês','memalukan','embarrassed'),(2321,63,'employ','èmˈplɔi','mempekerjakan','employed'),(2322,63,'empty','èmpti','mengosongkan','emptied'),(2323,63,'encourage','inˈkaridj','mendorong','encouraged'),(2324,63,'end','ènd','mengakhiri','ended'),(2325,63,'enjoy','ênˈdjɔi','menikmati','enjoyed'),(2326,63,'enter','èntê(r)','memasuki','entered'),(2327,63,'entertain','èntêˈtein','menghibur','entertained'),(2328,63,'escape','êˈskeip','melarikan diri','escaped'),(2329,63,'establish','iˈstèb.lisy','mendirikan','established'),(2330,63,'estimate','èstɨmɨt','memperkirakan','estimated'),(2331,63,'examine','iɡˈzèmin','memeriksa','examined'),(2332,63,'excite','ikˈsait','merangsang','excited'),(2333,63,'excuse','ikˈskyuːz','mengizinkan','excused'),(2334,63,'exercise','èksêrsaiz','olahraga','exercised'),(2335,63,'exist','iɡˈzist','ada','existed'),(2336,63,'expand','èkˈspènd','memperluas','expanded'),(2337,63,'expect','èkˈspèkt','mengharapkan','expected'),(2338,63,'explain','èkˈsplein','menjelaskan','explained'),(2339,63,'explode','ikˈsplêud','meledak','exploded'),(2340,63,'extend','èkˈstènd','memperpanjang','extended'),(2341,63,'face','feis','menghadapi','faced'),(2342,63,'fade','feid','memudar','faded'),(2343,63,'fail','feil','gagal','failed'),(2344,63,'fancy','fèn.si','menyukai','fancied'),(2345,63,'fasten','fɑːsn̩','mengencangkan','fastened'),(2346,63,'fax','fèks','mengirim faksimile','faxed'),(2347,63,'fear','fiê','takut','feared'),(2348,63,'fence','fèns','memagari','fenced'),(2349,63,'fetch','fèch','mengambil','fetched'),(2350,63,'file','fail','mengajukan','filed'),(2351,63,'fill','fil','mengisi','filled'),(2352,63,'film','film','memfilm','filmed'),(2353,63,'fire','fɑeê(r)','membakar','fired'),(2354,63,'fit','fit','cocok, pas','fitted/fit'),(2355,63,'fix','fiks','memperbaiki','fixed'),(2356,63,'flap','flèp','mengepak','flapped'),(2357,63,'flash','flèsy','menyala','flashed'),(2358,63,'float','flêut','mengapung','floated'),(2359,63,'flood','flad','membanjiri','flooded'),(2360,63,'flow','flêu','mengalir','flowed'),(2361,63,'flower','flau.ê','berbunga','flowered'),(2362,63,'fold','fêuld','melipat','folded'),(2363,63,'follow','fɒlêu','mengikuti','followed'),(2364,63,'fool','fuːl','membodohi','fooled'),(2365,63,'force','fɔːs','memaksa','forced'),(2366,63,'form','fɔːm','membentuk','formed'),(2367,63,'frame','freim','membingkai','framed'),(2368,63,'frighten','fraitn̩','menakuti','frightened'),(2369,63,'fry','frai','menggoreng','fried'),(2370,63,'gather','ɡèdzê','mengumpulkan','gathered'),(2371,63,'gaze','ɡeiz','menatap','gazed'),(2372,63,'glow','ɡlêu','bersinar','glowed'),(2373,63,'glue','ɡluː','mengelem','glued'),(2374,63,'grab','ɡrèb','merebut','grabbed'),(2375,63,'grate','ɡreit','memarut','grated'),(2376,63,'grease','ɡriːs','meminyaki','greased'),(2377,63,'greet','ɡriːt','menyapa','greeted'),(2378,63,'grin','ɡrin','menyeringai','grinned'),(2379,63,'grip','ɡrip','menggenggam','gripped'),(2380,63,'groan','ɡrêun','mengerang','groaned'),(2381,63,'guarantee','ɡèrênˈtiː','menjamin','guaranteed'),(2382,63,'guard','ɡɑːd','menjaga','guarded'),(2383,63,'guess','ɡès','menebak','guessed'),(2384,63,'guide','ɡaid','memandu','guided'),(2385,63,'hammer','hèm.ê(r)','memalu','hammered'),(2386,63,'hand','hènd','menyerahkan','handed'),(2387,63,'handle','hèn.dl','menangani','handled'),(2388,63,'hang','hèng','menggantung','hung/hanged'),(2389,63,'happen','hèpên','terjadi','happened'),(2390,63,'harass','hêˈrès','mengganggu','harassed'),(2391,63,'harm','hɑːm','menyakiti','harmed'),(2392,63,'hate','heit','membenci','hated'),(2393,63,'haunt','hènt','menghantui','haunted'),(2394,63,'head','hèd','menuju, memimpin','headed'),(2395,63,'heal','hiːl','sembuh','healed'),(2396,63,'heap','heːp','menumpuk','heaped'),(2397,63,'heat','hit','memanaskan','heated'),(2398,63,'help','hèlp','menolong','helped'),(2399,63,'hook','huːk','mengkait','hooked'),(2400,63,'hop','hɒp','melompat','hopped'),(2401,63,'hope','hêup','mengharapkan','hoped'),(2402,63,'hover','hɒ.vê(r)','melayang-layang','hovered'),(2403,63,'hug','haɡ','memeluk','hugged'),(2404,63,'hum','ham','bersenandung','hummed'),(2405,63,'hunt','hant','berburu','hunted'),(2406,63,'hurry','ha.ri','buru-buru','hurried'),(2407,63,'identify','aiˈdèn.ti.fai','mengenali','identified'),(2408,63,'ignore','iɡˈnɔː','mengabaikan','ignored'),(2409,63,'imagine','iˈmèdj.in','membayangkan','imagined'),(2410,63,'impress','imprès','mengesankan','impressed'),(2411,63,'improve','imˈpruːv','memperbaiki','improved'),(2412,63,'include','inˈkluːd','termasuk','included'),(2413,63,'increase','inˈkriːs','meningkatkan','increased'),(2414,63,'influence','in.flu.êns','mempengaruhi','influenced'),(2415,63,'inform','inˈfɔːm','memberitahukan','informed'),(2416,63,'inject','inˈdjèkt','menyuntikkan','injected'),(2417,63,'injure','indjê','melukai','injured'),(2418,63,'instruct','inˈstrakt','menginstruksikan','instructed'),(2419,63,'intend','inˈtènd','bermaksud','intended'),(2420,63,'interest','intêrist','berminat','interested'),(2421,63,'interfere','intêˈfiê','mengganggu','interfered'),(2422,63,'interrupt','intêˈrapt','mengganggu, menyela','interrupted'),(2423,63,'introduce','intrêˈdyuːs','memperkenalkan','introduced'),(2424,63,'invent','inˈvènt','menciptakan','invented'),(2425,63,'invite','inˈvait','mengundang','invited'),(2426,63,'irritate','iriteit','mengganggu','irritated'),(2427,63,'itch','ich','membuat gatal','itched'),(2428,63,'jail','djeil','memenjarakan','jailed'),(2429,63,'jam','djèːm','menjejalkan','jammed'),(2430,63,'jog','djɒɡ','menggoncang','jogged'),(2431,63,'join','djɔin','mengikuti','joined'),(2432,63,'joke','djêuk','bercanda','joked'),(2433,63,'judge','djadj','menilai, mengadili','judged'),(2434,63,'juggle','djaɡêl','menyulap','juggled'),(2435,63,'jump','djamp','melompat','jumped'),(2436,63,'kick','kik','menendang','kicked'),(2437,63,'kill','kil','membunuh','killed'),(2438,63,'kiss','kis','mencium','kissed'),(2439,63,'kneel','niːl','berlutut','knelt'),(2440,63,'knit','nit','merajut','knitted/knit'),(2441,63,'knock','nɒk','mengetuk','knocked'),(2442,63,'knot','nɒt','menyimpulkan','knotted'),(2443,63,'label','leibêl','menamai','labelled'),(2444,63,'land','lènd','mendarat','landed'),(2445,63,'last','last','bertahan','lasted'),(2446,63,'laugh','laːf','tertawa','laughed'),(2447,63,'launch','lɔːnch','meluncurkan','launched'),(2448,63,'learn','lêːn','mempelajari','learned/learnt'),(2449,63,'level','lèv.êl','meratakan','levelled'),(2450,63,'license','laisêns','mengizinkan','licensed'),(2451,63,'lick','lik','menjilat','licked'),(2452,63,'lie','laɪ̯','berbohong','lied'),(2453,63,'lighten','lai.tên','meringankan','lightened'),(2454,63,'like','laik','menyukai','liked'),(2455,63,'list','list','mendaftarkan','listed'),(2456,63,'listen','lis.ên','mendengarkan','listened'),(2457,63,'live','liv','tinggal','lived'),(2458,63,'load','lêud','memuat','loaded'),(2459,63,'lock','lɒk','mengunci','locked'),(2460,63,'long','lɔːng','merindukan','longed'),(2461,63,'look','luk','melihat','looked'),(2462,63,'love','luv','mencintai','loved'),(2463,63,'manage','mènidj','mengelola','managed'),(2464,63,'march','mɑːch','berbaris','marched'),(2465,63,'mark','mɑrk','menandai','marked'),(2466,63,'marry','mèri','menikahi','married'),(2467,63,'match','mèch','cocok','matched'),(2468,78,'mate','meit','kawin','mated'),(2469,78,'matter','mètê','berarti','mattered'),(2470,78,'measure','mèzhê','mengukur','measured'),(2471,78,'meddle','mèd.êl','mencampuri','meddled'),(2472,78,'melt','mèlt','meleleh','melted'),(2473,78,'memorise','mèmêraiz','menghafal','memorised'),(2474,78,'mend','mènd','memperbaiki','mended'),(2475,78,'mess up','mès ap','berantakan','messed up'),(2476,78,'milk','milk','memerah','milked'),(2477,78,'mine','main','menambang','mined'),(2478,78,'miss','mis','merindukan','missed'),(2479,78,'mix','miks','mencampur','mixed'),(2480,78,'moan','mêun','mendesah','moaned'),(2481,78,'moor','moː','merapat','moored'),(2482,78,'mourn','mɔːn','meratapi','mourned'),(2483,78,'move','muːv','pindah','moved'),(2484,78,'muddle','madêl','membuat berantakan','muddled'),(2485,78,'mug','maɡ','menghafalkan','mugged'),(2486,78,'multiply','maltiplai','mengalikan','multiplied'),(2487,78,'murder','mêːdê(r)','membunuh','murdered'),(2488,78,'nail','neil','memaku','nailed'),(2489,78,'name','neim','menamai','named'),(2490,78,'need','niːd','membutuhkan','needed'),(2491,78,'nest','nèst','bersarang','nested'),(2492,78,'nod','nɔd','mengangguk','nodded'),(2493,78,'note','nêut','mencatat','noted'),(2494,78,'notice','nêutis','memperhatikan','noticed'),(2495,78,'number','nambê','menomori','numbered'),(2496,78,'obey','êuˈbei','mematuhi','obeyed'),(2497,78,'object','ɒb.d͡zhèkt','menolak, berkeberatan','objected'),(2498,78,'observe','êbˈzɝv','mengamati','observed'),(2499,78,'obtain','êbˈtein','memperoleh','obtained'),(2500,78,'occur','êˈkêː','terjadi','occurred'),(2501,78,'offend','êˈfènd','menyinggung','offended'),(2502,78,'offer','ɑfê','menawarkan','offered'),(2503,78,'open','êu.pên','membuka','opened'),(2504,78,'order','ɔːdê','memesan','ordered'),(2505,78,'overflow','êuvêˌflêu','meluap','overflowed'),(2506,78,'owe','êu','berhutang','owed'),(2507,78,'own','êun','memiliki','owned'),(2508,78,'pack','pèk','mengepak','packed'),(2509,78,'paddle','pèdêl','mendayung','paddled'),(2510,78,'paint','peint','melukis','painted'),(2511,78,'park','pɑːrk','memparkir','parked'),(2512,78,'part','pɐːt','membagi','parted'),(2513,78,'pass','pès','lulus','passed'),(2514,78,'paste','peist','menempel','pasted'),(2515,78,'pat','pèt','menepuk','patted'),(2516,78,'pause','pɔːz','berhenti sebentar','paused'),(2517,78,'peck','pèk','mematuk','pecked'),(2518,78,'pedal','pèdêl','mengayuh','pedalled'),(2519,78,'peel','piːl','menguliti','peeled'),(2520,78,'peep','piːp','mengintip','peeped'),(2521,78,'perform','pêˈfɔːm','melakukan','performed'),(2522,78,'permit','pêrˈmit','mengizinkan','permitted'),(2523,78,'phone','fêʊ̯n','menelepon','phoned'),(2524,78,'pick','pik','memilih','picked'),(2525,78,'pinch','pinch','mencubit','pinched'),(2526,78,'pine','pain','merindukan','pined'),(2527,78,'place','pleis','menempati','placed'),(2528,78,'plan','plèn','merencanakan','planned'),(2529,78,'plant','plènt','menanam','planted'),(2530,78,'play','plei','bermain','played'),(2531,78,'please','pliːz','membuat senang','pleased'),(2532,78,'plug','plaɡ','menyumbat','plugged'),(2533,78,'point','pɔint','menunjukkan','pointed'),(2534,78,'poke','pêuk','mencolek','poked'),(2535,78,'polish','pɒlisy','memoles','polished'),(2536,78,'pop','pɒp','meletus','popped'),(2537,78,'possess','pêˈzès','memiliki','possessed'),(2538,78,'post','pêust','memasang','posted'),(2539,78,'pour','pɔː','menuangkan','poured'),(2540,78,'practice','prèktis','berlatih','practiced'),(2541,78,'pray','prei','berdoa','prayed'),(2542,78,'preach','priːch','berkhotbah','preached'),(2543,78,'precede','priːˈsiːd','mendahului','preceded'),(2544,78,'prefer','priˈfêː','lebih suka','preferred'),(2545,78,'prepare','priˈpèê','mempersiapkan','prepared'),(2546,78,'present','prêˈzènt','menyajikan','presented'),(2547,78,'preserve','prêˈzêːv','melestarikan','preserved'),(2548,78,'press','près','menekan','pressed'),(2549,78,'pretend','priˈtènd','berpura-pura','pretended'),(2550,78,'prevent','prêˈvènt','mencegah','prevented'),(2551,78,'prick','prik','menusuk','pricked'),(2552,78,'print','print','mencetak','printed'),(2553,78,'produce','prêˈdyuːs','menghasilkan','produced'),(2554,78,'program','prouˌɡrèm','menyusun rencana','programmed'),(2555,78,'promise','prɒmis','berjanji','promised'),(2556,78,'protect','prêˈtèkt','melindungi','protected'),(2557,78,'provide','prêˈvaid','menyediakan','provided'),(2558,78,'pull','pul','menarik','pulled'),(2559,78,'pump','pamp','memompa','pumped'),(2560,78,'punch','panch','memukul','punched'),(2561,78,'puncture','pangkchê','menusuk','punctured'),(2562,78,'punish','panisy','menghukum','punished'),(2563,78,'purchase','pêːchês','membeli','purchased'),(2564,78,'push','pusy','mendorong','pushed'),(2565,78,'question','kwèstyên','bertanya','questioned'),(2566,78,'queue','kyuː','antre','queued'),(2567,78,'race','reis','balapan','raced'),(2568,78,'radiate','reidi.êt','memancarkan','radiated'),(2569,78,'rain','rein','hujan','rained'),(2570,78,'raise','reiz','mengangkat','raised'),(2571,78,'reach','riːch','mencapai','reached'),(2572,78,'realise','riːêlaiz','menyadari','realised'),(2573,78,'receive','riˈsiːv','menerima','received'),(2574,78,'recognise','rèkênaiz','mengenali','recognised'),(2575,78,'record','rèkɔːd','merekam, mencatat','recorded'),(2576,78,'reduce','riˈdyuːs','mengurangi','reduced'),(2577,78,'reflect','riˈflèkt','mencerminkan','reflected'),(2578,78,'refuse','rèfyuːs','menolak','refused'),(2579,78,'regret','riˈɡrèt','menyesali','regretted'),(2580,78,'reign','rein','memerintah','reigned'),(2581,78,'reject','riˈdjèkt','menolak','rejected'),(2582,78,'rejoice','riˈdjɔis','bersuka cita','rejoiced'),(2583,78,'relax','riˈlèks','santai','relaxed'),(2584,78,'release','riˈliːs','melepaskan','released'),(2585,78,'rely','riˈlai','mengandalkan','relied'),(2586,78,'remain','riˈmein','tetap','remained'),(2587,78,'remember','riˈmèmbê','ingat','remembered'),(2588,78,'remind','rêˈmaind','mengingatkan','reminded'),(2589,78,'remove','riˈmuːv','menghapus','removed'),(2590,78,'repair','riˈpèê','memperbaiki','repaired'),(2591,78,'repeat','riˈpiːt','mengulangi','repeated'),(2592,78,'replace','riˈpleis','mengganti','replaced'),(2593,78,'reply','riˈplai','membalas','replied'),(2594,78,'report','rêˈpoːt','melaporkan','reported'),(2595,78,'reproduce','ri.prouˈdyus','memperbanyak','reproduced'),(2596,78,'request','riˈkwèst','meminta','requested'),(2597,78,'rescue','rès.kyuː','menyelamatkan','rescued'),(2598,78,'retire','rêˈtaiê(r)','pensiun','retired'),(2599,78,'return','riˈtêːn','kembali','returned'),(2600,78,'rhyme','raim','bersajak','rhymed'),(2601,78,'rinse','rèns','membilas','rinsed'),(2602,78,'risk','risk','mempertaruhkan','risked'),(2603,78,'rob','rɒb','merampok','robbed'),(2604,78,'rock','rɒk','bergoyang','rocked'),(2605,78,'roll','rêul','menggulung','rolled'),(2606,78,'rot','rɔt','membusuk','rotted'),(2607,78,'rub','rab','menggosok','rubbed'),(2608,78,'ruin','ruː.in','menghancurkan','ruined'),(2609,78,'rule','ruːl','berkuasa','ruled'),(2610,78,'rush','rasy','menyerbu','rushed'),(2611,78,'sack','sèk','memecat','sacked'),(2612,78,'sail','seil','berlayar','sailed'),(2613,78,'satisfy','sètisfai','memuaskan','satisfied'),(2614,78,'save','seiv','menyimpan','saved'),(2615,78,'saw','sɔː','menggergaji','sawed/sawn'),(2616,78,'scare','skèê','menakuti','scared'),(2617,78,'scatter','skètê','menyebarkan','scattered'),(2618,78,'scold','skêuld','memarahi','scolded'),(2619,78,'scorch','skɔːch','menghanguskan','scorched'),(2620,78,'scrape','skreip','mengikis','scraped'),(2621,78,'scratch','skrèch','menggores','scratched'),(2622,78,'scream','skriːm','berteriak','screamed'),(2623,78,'screw','skruː','membaut','screwed'),(2624,78,'scribble','skribêl','menulis dgn tergesa-gesa','scribbled'),(2625,78,'scrub','skrab','menggosok','scrubbed'),(2626,78,'seal','siːl','menyegel','sealed'),(2627,78,'search','sêːch','mencari','searched'),(2628,78,'select','siˈlèkt','memilih','selected'),(2629,78,'separate','sèpêrêt','memisahkan','separated'),(2630,78,'serve','sêːv','menyajikan','served'),(2631,78,'settle','sètêl','menetap','settled'),(2632,78,'shade','syeid','naungan','shaded'),(2633,78,'share','syèê','membagi','shared'),(2634,78,'shave','syeiv','mencukur','shaved/shaven'),(2635,78,'shelter','syèltê','berlindung','sheltered'),(2636,80,'shiver','syivê','menggigil','shivered'),(2637,80,'shock','syɒk','mengejutkan','shocked'),(2638,80,'shop','syɒp','berbelanja','shopped'),(2639,80,'shrug','syraɡ','mengangkat bahu','shrugged'),(2640,80,'sigh','sai','mendesah','sighed'),(2641,80,'sign','sain','menandatangani','signed'),(2642,80,'sign in','sain in','login','signed in'),(2643,80,'sign up','sain ap','mendaftar','signed up'),(2644,80,'sign out','sain aut','keluar (dari login)','signed out'),(2645,80,'signal','siɡnêl','memberi isyarat','signalled'),(2646,80,'sin','sin','berdosa','sinned'),(2647,80,'sip','sip','menyesap','sipped'),(2648,80,'ski','syiː','bermain ski','skied'),(2649,80,'skip','skip','melewati','skipped'),(2650,80,'slap','slèp','menampar','slapped'),(2651,80,'slip','slip','tergelincir','slipped'),(2652,80,'slow','slêu','mengurangi kecepatan','slowed'),(2653,80,'smash','smèsy','menghancurkan','smashed'),(2654,80,'smell','smèl','membau','smelled/smelt'),(2655,80,'smile','smai.êl','tersenyum','smiled'),(2656,80,'smoke','smêuk','merokok','smoked'),(2657,80,'snatch','snèch','merebut','snatched'),(2658,80,'sneeze','sniːz','bersin','sneezed'),(2659,80,'sniff','snif','mengendus','sniffed'),(2660,80,'snore','snɔː','mendengkur','snored'),(2661,80,'snow','snêu','turun salju','snowed'),(2662,80,'soak','sêuk','merendam','soaked'),(2663,80,'soothe','suːdz','menenangkan','soothed'),(2664,80,'sound','saund','berbunyi','sounded'),(2665,80,'spare','spèê(r)','meluangkan','spared'),(2666,80,'spark','spɑːk','mencetuskan','sparked'),(2667,80,'sparkle','spɑːkêl','berkilau','sparkled'),(2668,80,'spell','spèl','mengeja','spelled/spelt'),(2669,80,'spill','spil','tumpah','spilled/spilt'),(2670,80,'spoil','spɔil','merusak','spoiled/spoilt'),(2671,80,'spot','spɒt','melihat','spotted'),(2672,80,'spray','sprei','menyemprot','sprayed'),(2673,80,'sprout','spraut','tumbuh','sprouted'),(2674,80,'squash','skwɒsy','melumatkan','squashed'),(2675,80,'squeak','skwiːk','mencicit','squeaked'),(2676,80,'squeal','skwiːl','menjerit','squealed'),(2677,80,'squeeze','skwiːz','meremas','squeezed'),(2678,80,'stain','stein','menodai','stained'),(2679,80,'stamp','stèmp','mencap','stamped'),(2680,80,'stare','stèê(r)','menatap','stared'),(2681,80,'start','stɑːt','mulai','started'),(2682,80,'stay','stei','tinggal','stayed'),(2683,80,'steer','stiê(r)','mengarahkan','steered'),(2684,80,'step','stèp','melangkah','stepped'),(2685,80,'stir','stêː','mengaduk','stirred'),(2686,80,'stitch','stich','menjahit','stitched'),(2687,80,'stop','stɒp','berhenti','stopped'),(2688,80,'store','stɔːr','menyimpan','stored'),(2689,80,'strap','strèp','mengikat','strapped'),(2690,80,'strengthen','strèng(k)θên','memperkuat','strengthened'),(2691,80,'stretch','strèch','meregang','stretched'),(2692,80,'strip','strip','mengupas','stripped'),(2693,80,'stroke','strêuk','membelai','stroked'),(2694,80,'study','stadi','belajar','studied'),(2695,80,'stuff','staf','menjejali','stuffed'),(2696,80,'subtract','sêbˈtrèkt','mengurangi','subtracted'),(2697,80,'succeed','sêkˈsiːd','berhasil','succeeded'),(2698,80,'suck','sak','mengisap','sucked'),(2699,80,'suffer','safê','menderita','suffered'),(2700,80,'suggest','sêˈdjèst','menyarankan','suggested'),(2701,80,'suit','s(y)uːt','sesuai','suited'),(2702,80,'supply','sêˈplai','menyediakan','supplied'),(2703,80,'support','sêˈpɔːt','mendukung','supported'),(2704,80,'suppose','sêˈpêuz','mengira','supposed'),(2705,80,'surprise','sêˈpraiz','mengejutkan','surprised'),(2706,80,'surround','sêˈraund','mengelilingi','surrounded'),(2707,80,'suspect','sas.pèkt','mengira','suspected'),(2708,80,'suspend','sêˈspènd','menangguhkan','suspended'),(2709,80,'switch','swich','mengalihkan','switched'),(2710,80,'talk','toːk','bicara','talked'),(2711,80,'tame','teim','jinak','tamed'),(2712,80,'tap','tèp','mengetuk','tapped'),(2713,80,'taste','teist','mencicipi','tasted'),(2714,80,'tease','tiːz','menggoda','teased'),(2715,80,'telephone','tèlêfêun','menelepon','telephoned'),(2716,80,'tempt','tèmpt','menggoda','tempted'),(2717,80,'terrify','tèrifai','menakuti','terrified'),(2718,80,'test','test','menguji','tested'),(2719,80,'thank','θèngk','berterima kasih','thanked'),(2720,80,'thaw','θɔː','mencair','thawed'),(2721,80,'tick','tik','mencentang','ticked'),(2722,80,'tickle','tikl̩','menggelitik','tickled'),(2723,80,'tie','tai','mengikat','tied'),(2724,80,'time','tɑem','memilih waktu','timed'),(2725,80,'tip','tip','menyentuh','tipped'),(2726,80,'tire','taɪ̯ê','lelah','tired'),(2727,80,'touch','taʧ','menyentuh','touched'),(2728,80,'tour','tɔː(r)','berkeliling','toured'),(2729,80,'tow','tou','menyeret','towed'),(2730,80,'trace','treis','menemukan','traced'),(2731,80,'trade','treid','berdagang','traded'),(2732,80,'train','trein','melatih','trained'),(2733,80,'transport','trènspɔːrt','mengangkut','transported'),(2734,80,'trap','trèp','menjebak','trapped'),(2735,80,'travel','trèvêl','bepergian','travelled'),(2736,80,'treat','triːt','merawat','treated'),(2737,80,'tremble','trèmbl̩','gemetar','trembled'),(2738,80,'trick','trik','menipu','tricked'),(2739,80,'trip','trip','tersandung','tripped'),(2740,80,'trot','trɒt','berlari kecil','trotted'),(2741,80,'trouble','trabêl','menyusahkan','troubled'),(2742,80,'trust','trust','memercayai','trusted'),(2743,80,'try','trai','mencoba','tried'),(2744,80,'tug','taɡ','menarik','tugged'),(2745,80,'tumble','tambl̩','jatuh','tumbled'),(2746,80,'turn','têːn','berbelok','turned'),(2747,80,'twist','twist','memutar','twisted'),(2748,80,'type','taip','mengetik','typed'),(2749,80,'undress','anˈdrès','menanggalkan pakaian','undressed'),(2750,80,'unfasten','anˈfèsên','membuka','unfastened'),(2751,80,'unite','yuˈnait','bersatu','united'),(2752,80,'unlock','anˈlɒk','membuka kunci','unlocked'),(2753,80,'unpack','anˈpèk','membongkar','unpacked'),(2754,80,'untidy','anˈtaidi','berantakan','untidied'),(2755,80,'use','yuːz','menggunakan','used'),(2756,80,'vanish','vènisy','menghilang','vanished'),(2757,80,'visit','vizit','mengunjungi','visited'),(2758,80,'wail','weil','meratap','wailed'),(2759,80,'wait','weit','menunggu','waited'),(2760,80,'walk','wɔːk','berjalan','walked'),(2761,80,'wander','wɒndê','mengembara','wandered'),(2762,80,'want','wɔnt','mau','wanted'),(2763,80,'warm','wɔːm','menghangatkan','warmed'),(2764,80,'warn','wɔːn','memperingatkan','warned'),(2765,80,'wash','wɑsy','mencuci','washed'),(2766,80,'waste','weist','membuang, memboroskan','wasted'),(2767,80,'watch','wɒch','menonton','watched'),(2768,80,'water','woːtê','menyirami','watered'),(2769,80,'wave','weiv','melambai','waved'),(2770,80,'weigh','wei','menimbang','weighed'),(2771,80,'welcome','wèlkêm','menyambut','welcomed'),(2772,80,'whine','wain','merengek','whined'),(2773,80,'whip','wip','mencambuk','whipped'),(2774,80,'whirl','ʍiɾ(ə̯)l','berputar','whirled'),(2775,80,'whisper','(h)wispê','membisikkan','whispered'),(2776,80,'whistle','wisl̩','bersiul','whistled'),(2777,80,'wink','wingk','mengedip','winked'),(2778,80,'wipe','waip','menghapus','wiped'),(2779,80,'wish','wisy','mengharapkan','wished'),(2780,80,'wobble','wɒbl̩','menggigil','wobbled'),(2781,80,'wonder','wandê','takjub','wondered'),(2782,80,'work','wêːk','kerja','worked'),(2783,80,'worry','wɒri','mencemaskan','worried'),(2784,80,'wrap','rèp','membungkus','wrapped'),(2785,80,'wreck','rèk','menghancurkan','wrecked'),(2786,80,'wrestle','rè.sêl','bergulat','wrestled'),(2787,80,'wriggle','riɡêl','bergeliang','wriggled'),(2788,80,'yawn','yɔːn','menguap','yawned'),(2789,80,'yell','yèl','berteriak','yelled'),(2790,80,'zoom','zuːm','menanjak','zoomed'),(2791,79,'arise','êˈraiz','muncul','arise, arose, arisen'),(2792,79,'awake','êˈweik','bangun','awake, awoke, awoken'),(2793,79,'bear','bèê(r)','menanggung','bear, bore, borne'),(2794,79,'beat','biːt','mengalahkan','beat, beat, beaten'),(2795,79,'become','bêˈkum','menjadi','become, became, become'),(2796,79,'begin','biˈɡin','mulai','begin, began, begun'),(2797,79,'bend','bènd','membengkokkan','bend, bent, bent'),(2798,79,'bet','bèt','bertaruh','bet, bet, bet'),(2799,79,'bid','bid','menawar','bid, bid, bade, bid, bidden'),(2800,79,'bind','baind','mengikat','bind, bound, bound'),(2801,79,'bite','bait','menggigit','bite, bit, bitten'),(2802,79,'bleed','bliːd','berdarah','bleed, bled, bled'),(2803,79,'blow','blêu','meniup','blow, blew, blown'),(2804,79,'break','breik','memecahkan','break, broke, broken'),(2805,79,'breed','briːd','berkembang biak','breed, bred, bred'),(2806,79,'bring','bring','membawa','bring, brought, brought'),(2807,79,'broadcast','brɑdkèst','menyiarkan','broadcast, broadcast, broadcast'),(2808,79,'build','bild','membangun','build, built, built'),(2809,79,'burn','bêːn','membakar','burn, burnt, burnt'),(2810,79,'burst','bêːrst','meletus','burst, burst, burst'),(2811,79,'bust','bast','meledak','bust, bust, bust'),(2812,79,'buy','bai','membeli','buy, bought, bought'),(2813,79,'cast','kèst','melempar','cast, cast, cast'),(2814,79,'catch','kèch','menangkap','catch, caught, caught'),(2815,79,'choose','chuːz','memilih','choose, chose, chosen'),(2816,79,'cling','kling','melekat','cling, clung, clung'),(2817,79,'come','kam','datang','come, came, come'),(2818,79,'cost','kɑst','berharga','cost, cost, cost'),(2819,79,'creep','kriːp','merayap','creep, crept, crept'),(2820,79,'cut','kat','memotong','cut, cut, cut'),(2821,79,'deal','diːl','menangani','deal, dealt, dealt'),(2822,79,'dig','diɡ','menggali','dig, dug, dug'),(2823,79,'dive','daiv','menyelam','dive, dived, dove, dived'),(2824,79,'do','duː','melakukan','do, did, done'),(2825,79,'draw','drɔː','menggambar','draw, drew, drawn'),(2826,79,'dream','driːm','bermimpi','dream, dreamed, dreamt, dreamed, dreamt'),(2827,79,'drink','dringk','minum','drink, drank, drunk'),(2828,79,'drive','draiv','mengemudi','drive, drove, driven'),(2829,79,'eat','iːt','makan','eat, ate, eaten'),(2830,79,'fall','fɔːl','jatuh','fall, fell, fallen'),(2831,79,'feed','fiːd','memberi makan','feed, fed, fed'),(2832,79,'feel','fiːl','merasakan','feel, felt, felt'),(2833,79,'fight','fait','bertarung','fight, fought, fought'),(2834,79,'find','faind','menemukan','find, found, found'),(2835,79,'fit','fit','menyesuaikan','fit, fitted, fit, fitted, fit'),(2836,79,'flee','fliː','melarikan diri','flee, fled, fled'),(2837,79,'fling','fling','melemparkan','fling, flung, flung'),(2838,79,'fly','flai','terbang','fly, flew, flown'),(2839,79,'forbid','fêˈbid','melarang','forbid, forbade, forbidden'),(2840,79,'forecast','fɔːkɑːst','meramalkan','forecast, forecast, forecast'),(2841,79,'forget','fêˈɡèt','lupa','forget, forgot, forgotten'),(2842,79,'forgive','fêˈɡiv','memaafkan','forgive, forgave, forgiven'),(2843,79,'forsake','fɔrˈseik','meninggalkan','forsake, forsook, forsaken'),(2844,79,'freeze','friːz','membekukan','freeze, froze, frozen'),(2845,79,'get','ɡèt','mendapatkan','get, got, got, gotten'),(2846,79,'give','ɡiv','memberikan','give, gave, given'),(2847,79,'go','ɡêu','pergi','go, went, gone'),(2848,79,'grind','ɡraind','menggiling','grind, ground, ground'),(2849,79,'grow','ɡrêu','tumbuh','grow, grew, grown'),(2850,79,'hang','hèng','menggantung (benda)','hang, hung, hung'),(2851,79,'hang','hèng','menggantung (orang)','hang, hanged, hanged'),(2852,79,'have','hèv','memiliki','have, had, had'),(2853,79,'have to','hèv tuː','harus','have to, had to, had to'),(2854,79,'hear','hiê(r)','mendengar','hear, heard, heard'),(2855,79,'hide','haid','bersembunyi','hide, hid, hidden'),(2856,79,'hit','hit','memukul','hit, hit, hit'),(2857,79,'hold','hêuld','memegang','hold, held, held'),(2858,79,'hurt','hêːt','melukai','hurt, hurt, hurt'),(2859,79,'keep','kiːp','menyimpan','keep, kept, kept'),(2860,79,'kneel','niːl','berlutut','kneel, kneeled, knelt, kneeled, knelt'),(2861,79,'knit','nit','merajut','knit, knitted, knitted'),(2862,79,'know','nêu','mengetahui','know, knew, known'),(2863,79,'lay','lei','meletakkan','lay, laid, laid'),(2864,79,'lead','lèd','memimpin','lead, led, led'),(2865,79,'learn','lêːn','mempelajari','learn, learnt, learnt'),(2866,79,'leave','liːv','meninggalkan','leave, left, left'),(2867,79,'lend','lènd','meminjamkan','lend, lent, lent'),(2868,79,'let','lèt','membiarkan','let, let, let'),(2869,79,'lie','laɪ̯','berbaring','lie, lay, lain'),(2870,79,'lie','laɪ̯','berbohong','lie, lied, lied'),(2871,79,'light','lait','menyalakan','light, lighted, lit, lighted, lit'),(2872,79,'lose','luːz','kehilangan','lose, lost, lost'),(2873,79,'make','meik','membuat','make, made, made'),(2874,79,'mean','miːn','berarti','mean, meant, meant'),(2875,79,'meet','miːt','bertemu','meet, met, met'),(2876,79,'pay','pei','membayar','pay, paid, paid'),(2877,79,'plead','pliːd','memohon','plead, pleaded, pled, pleaded, pled'),(2878,79,'prove','pruːv','membuktikan','prove, proved, proved, proven'),(2879,79,'put','put','meletakkan','put, put, put'),(2880,79,'quit','kwit','berhenti','quit, quit, quit'),(2881,79,'read','riːd','membaca','read, read, read'),(2882,79,'rid','rid','menyingkirkan','rid, rid, rid'),(2883,79,'ride','raid','mengendarai','ride, rode, ridden'),(2884,79,'ring','ring','berdering','ring, rang, rung'),(2885,79,'rise','rais','naik','rise, rose, risen'),(2886,79,'run','run','berlari','run, ran, run'),(2887,79,'saw','sɔː','menggergaji','saw, sawed, sawed, sawn'),(2888,79,'say','sei','berkata','say, said, said'),(2889,79,'see','siː','melihat','see, saw, seen'),(2890,79,'seek','siːk','mencari','seek, sought, sought'),(2891,79,'sell','sèl','menjual','sell, sold, sold'),(2892,79,'send','sènd','mengirim','send, sent, sent'),(2893,79,'set','sèt','mengatur','set, set, set'),(2894,79,'sew','sêu','menjahit','sew, sewed, sewed, sewn'),(2895,79,'shake','syeik','mengguncang','shake, shook, shaken'),(2896,79,'shear','syiê(r)','mencukur (domba)','shear, sheared, shorn'),(2897,79,'shed','syèd','menumpahkan','shed, shed, shed'),(2898,79,'shine','syain','bersinar','shine, shone, shone'),(2899,79,'shine','syain','menyemir','shine, shined, shined'),(2900,79,'shoot','syuːt','menembak','shoot, shot, shot'),(2901,79,'show','syêu','menunjukkan','show, showed, showed, shown'),(2902,79,'shrink','syringk','menyusut','shrink, shrank, shrunk'),(2903,79,'shut','syat','menutup','shut, shut, shut'),(2904,79,'sing','sing','bernyanyi','sing, sang, sung'),(2905,79,'sink','singk','tenggelam','sink, sank, sunk'),(2906,79,'sit','sit','duduk','sit, sat, sat'),(2907,79,'slay','slei','membunuh','slay, slew, slain'),(2908,79,'sleep','sliːp','tidur','sleep, slept, slept'),(2909,79,'slide','slaid','meluncur','slide, slid, slid'),(2910,79,'sling','sling','menggantungkan','sling, slung, slung'),(2911,79,'slink','slingk','mengendap-endap','slink, slunk, slunk'),(2912,79,'slit','slit','menggorok','slit, slit, slit'),(2913,79,'sow','sau','menabur','sow, sowed, sowed, sown'),(2914,79,'speak','spiːk','berbicara','speak, spoke, spoken'),(2915,79,'speed','spiːd','mempercepat','speed, sped, sped'),(2916,79,'spend','spènd','menghabiskan','spend, spent, spent'),(2917,79,'spin','spin','memintal','spin, spun, spun'),(2918,79,'spit','spit','meludah','spit, spat, spit, spat, spit'),(2919,79,'split','split','membelah','split, split, split'),(2920,79,'spread','sprèd','menyebarkan','spread, spread, spread'),(2921,79,'spring','spring','meloncat','spring, sprang, sprung'),(2922,79,'stand','stènd','berdiri','stand, stood, stood'),(2923,79,'steal','stiːl','mencuri','steal, stole, stolen'),(2924,79,'stick','stik','menempel','stick, stuck, stuck'),(2925,79,'sting','sting','menyengat','sting, stung, stung'),(2926,79,'stink','stingk','berbau busuk','stink, stank, stunk'),(2927,79,'stride','straid','melangkah','stride, strode, stridden'),(2928,79,'strike','straik','memukul','strike, struck, struck'),(2929,79,'string','string','merangkai','string, strung, strung'),(2930,79,'strive','straiv','berusaha keras','strive, strove, striven'),(2931,79,'swear','swèê','bersumpah','swear, swore, sworn'),(2932,79,'sweep','swiːp','menyapu','sweep, swept, swept'),(2933,79,'swell','swèl','membengkak','swell, swelled, swollen'),(2934,79,'swim','swim','berenang','swim, swam, swum'),(2935,79,'swing','swing','berayun','swing, swung, swung'),(2936,79,'take','teik','mengambil','take, took, taken'),(2937,79,'teach','tiːch','mengajar','teach, taught, taught'),(2938,79,'tear','tèêr','merobek','tear, tore, torn'),(2939,79,'tell','tèl','memberi tahu','tell, told, told'),(2940,79,'think','θingk','berfikir','think, thought, thought'),(2941,79,'thrive','θraiv','berkembang pesat','thrive, throve, thrived'),(2942,79,'throw','θrêu','dilempar','throw, threw, thrown'),(2943,79,'thrust','θrast','dorongan','thrust, thrust, thrust'),(2944,79,'tread','trèd','diinjak, diinjak','tread, trod, trodden, trod'),(2945,79,'understand','andêrˈstènd','mengetahui','understand, understood, understood'),(2946,79,'wake','weik','terbangun','wake, woke, woken'),(2947,79,'wake up','weik ap','bangun, bangun','wake up, woke up, waked up, woken up'),(2948,79,'wear','wèê','dipakai','wear, wore, worn'),(2949,79,'weave','wiːv','menenun','weave, wove, woven'),(2950,79,'wed','wèd','menikahi','wed, wed, wed'),(2951,79,'weep','wiːp','menangis','weep, wept, wept'),(2952,79,'welcome','wèlkêm','menyambut','welcome, welcomed, welcomed'),(2953,79,'wet','wèt','membasahi','wet, wet, wet'),(2954,79,'win','win','meludahi','win, won, won'),(2955,79,'wind','waind','mencium','wind, wound, wound'),(2956,79,'wring','ring','memeras','wring, wrung, wrung'),(2957,79,'write','rait','menulis','write, wrote, written'),(2958,64,'aboard','êˈbɔːd','di atas kapal/pesawat',NULL),(2959,64,'above','êˈbav','di atas',NULL),(2960,64,'amid','êˈmid','di tengah',NULL),(2961,64,'among','êˈmɒng','di antara (banyak)',NULL),(2962,64,'at','èt','di',NULL),(2963,64,'behind','bêˈhaind','di belakang',NULL),(2964,64,'below','biˈlêu','di bawah',NULL),(2965,64,'beneath','biˈniːθ','di bawah',NULL),(2966,64,'between','biˈtwiːn','di antara (dua)',NULL),(2967,64,'by','bai','di dekat',NULL),(2968,64,'close to','klous tuː','dekat dengan',NULL),(2969,64,'in','in','di',NULL),(2970,64,'in front of','in ˈfrant êv','di depan',NULL),(2971,64,'near','niê(r)','di dekat',NULL),(2972,64,'next to','nèkst tuː','di samping',NULL),(2973,64,'on','ɒn','di atas',NULL),(2974,64,'under','undê','di bawah',NULL),(2975,65,'ago','êˈɡêu','yang lalu',NULL),(2976,65,'at','èt','pada',NULL),(2977,65,'between … and …','biˈtwiːn ênd','antara … dan …',NULL),(2978,65,'during','dyɔː.ring','selama',NULL),(2979,65,'for','fɔːr','selama',NULL),(2980,65,'from … to …','fram tuː','dari … sampai …',NULL),(2981,65,'in','in','pada',NULL),(2982,65,'on','ɒn','pada',NULL),(2983,65,'till','til','sampai',NULL),(2984,65,'until','ênˈtil','sampai',NULL),(2985,65,'within','wiˈθin','dalam waktu',NULL),(2986,66,'across','êˈkrɑs','di seberang',NULL),(2987,66,'along','êˈlɑng','di sepanjang',NULL),(2988,66,'from','frɒm','dari',NULL),(2989,66,'into','in.tuː','ke dalam',NULL),(2990,66,'onto','ɒn.tuː','ke atas (permukaan',NULL),(2991,66,'out of','aut êv','keluar dari',NULL),(2992,66,'over','êu.vê(r)','ke atas',NULL),(2993,66,'through','θruː','melalui',NULL),(2994,66,'to','tuː','ke',NULL),(2995,66,'toward','tɘ.ˈwoːd','menuju',NULL),(2996,67,'about','êˈbèut','tentang',NULL),(2997,67,'against','êˈɡeinst','melawan',NULL),(2998,67,'around','êˈraund','sekitar',NULL),(2999,67,'aside','êˈsaid','ke samping',NULL),(3000,67,'at first','èt fêːrst','pada awalnya',NULL),(3001,67,'at large','èt lɑːrdj','pada umumnya',NULL),(3002,67,'at least','èt liːst','setidaknya',NULL),(3003,67,'at once','êt ˈwans','sekaligus',NULL),(3004,67,'at the end','èt dzi ènd','pada akhirnya',NULL),(3005,67,'at the moment','èt dzê ˈmoumênt','saat ini',NULL),(3006,67,'at the same time','èt dzê seim taim','pada saat yang sama',NULL),(3007,67,'beside','biˈsaid','di samping',NULL),(3008,67,'besides','biˈsaidz','selain itu',NULL),(3009,67,'by far','bai fɑːr','sejauh ini',NULL),(3010,67,'by force','bai fɔːrs','dengan paksa',NULL),(3011,67,'by mistake','bai miˈsteik','secara tidak sengaja',NULL),(3012,67,'by nature','bai ˈneiʧêr','secara alami',NULL),(3013,67,'by now','bai nau','sekarang',NULL),(3014,67,'by the time','bai dzê taim','pada saat',NULL),(3015,67,'by the way','bai dzê wei','ngomong-ngomong',NULL),(3016,67,'despite','diˈspait','meskipun',NULL),(3017,67,'down','daun','ke bawah',NULL),(3018,67,'for a while','fɔːr ê wail','untuk sementara',NULL),(3019,67,'for ages','fɔːr ˈeidjiz','lama sekali',NULL),(3020,67,'for life','fɔːr laif','seumur hidup',NULL),(3021,67,'for real','fɔːr riːl','benar-benar',NULL),(3022,67,'for rent','fɔːr rènt','disewakan',NULL),(3023,67,'for sale','fɔːr seil','dijual',NULL),(3024,67,'in a hurry','in ê ˈhêːri','tergesa-gesa',NULL),(3025,67,'in brief','in briːf','secara singkat',NULL),(3026,67,'in debts','in dèt','berutang',NULL),(3027,67,'in detail','in ˈdiːteil','secara rinci',NULL),(3028,67,'in doubt','in daut','dalam keraguan',NULL),(3029,67,'in effect','in iˈfèkt','berlaku',NULL),(3030,67,'in fact','in fèkt','sebenarnya',NULL),(3031,67,'in terms of','in ˈtêːrmz êv','dalam hal',NULL),(3032,67,'in vain','in vein','sia-sia',NULL),(3033,67,'inside','inˈsaid','di dalam',NULL),(3034,67,'instead','inˈstèd','sebagai gantinya',NULL),(3035,67,'of','ɔv','dari',NULL),(3036,67,'off','ɔːf','mati',NULL),(3037,67,'on condition that','ɑːn kênˈdisyên dzèt','dengan syarat',NULL),(3038,67,'on leave','ɑːn liːv','sedang cuti',NULL),(3039,67,'on purpose','ɑːn ˈpêːrpês','sengaja',NULL),(3040,67,'on show','ɑːn syou','sedang dipamerkan',NULL),(3041,67,'on strike','ɑːn straik','sedang mogok kerja',NULL),(3042,67,'on trial','ɑːn traiêl','sedang diuji coba',NULL),(3043,67,'out','èɔt','keluar',NULL),(3044,67,'out of control','aut êv kênˈtroul','di luar kendali',NULL),(3045,67,'out of fashion','aut êv ˈfèsyên','ketinggalan zaman',NULL),(3046,67,'out of hand','aut êv hènd','di luar kendali',NULL),(3047,67,'out of order','aut êv ˈɔːrdêr','rusak',NULL),(3048,67,'out of place','aut êv pleis','tidak pada tempatnya',NULL),(3049,67,'out of stock','aut êv stɑːk','kehabisan stok',NULL),(3050,67,'so far','sou fɑːr','sejauh ini',NULL),(3051,67,'throughout','θruˈaut','sepanjang',NULL),(3052,67,'to date','tuː deit','sampai saat ini',NULL),(3053,67,'towards','tɘˈwoːdz','terhadap',NULL),(3054,67,'under construction','andêr kênˈstraksyên','sedang dibangun',NULL),(3055,67,'under repair','andêr riˈpèr','sedang diperbaiki',NULL),(3056,67,'under stress','andêr strès','di bawah tekanan',NULL),(3057,67,'under treatment','andêr ˈtriːtmênt','sedang dirawat',NULL),(3058,67,'upon','êˈpɒn','pada',NULL),(3059,67,'versus','vêːsês','melawan',NULL),(3060,67,'with','widz','dengan',NULL),(3061,67,'with regard to','widz riˈɡɑːrd tuː','mengenai',NULL),(3062,67,'with regret','widz riˈɡrèt','dengan penyesalan',NULL),(3063,67,'with respect','widz riˈspèkt','dengan hormat',NULL),(3064,67,'within limits','wiˈdzin ˈlimits','dalam batas',NULL),(3065,67,'without','wiθˈaut','tanpa',NULL),(3066,67,'without respect','wiˈdzaut riˈspèkt','tanpa hormat',NULL),(3067,68,'and','ènd','dan',NULL),(3068,68,'but','but','tetapi',NULL),(3069,68,'for','fɔːr','karena',NULL),(3070,68,'nor','nɔː','atau (negatif)',NULL),(3071,68,'or','ɔː(r)','atau',NULL),(3072,68,'yet','yèt','namun',NULL),(3073,69,'after','èf.tê(r)','setelah',NULL),(3074,69,'although','ɔːlˈdzêu','meskipun',NULL),(3075,69,'as','èz','karena',NULL),(3076,69,'as','èz','sebagai',NULL),(3077,69,'as far as','èz fɑːr èz','sejauh',NULL),(3078,69,'as if','èz if','seolah-olah',NULL),(3079,69,'as long as','èz lɔːng èz','selama',NULL),(3080,69,'as soon as','èz suːn èz','segera setelah',NULL),(3081,69,'as though','èz dzou','seolah-olah',NULL),(3082,69,'because','biˈkɒz','karena',NULL),(3083,69,'before','biˈfɔː','sebelum',NULL),(3084,69,'by the time','bai dzê taim','pada saat',NULL),(3085,69,'even','iːvên','bahkan',NULL),(3086,69,'even if','iːvên if','walaupun',NULL),(3087,69,'even though','iːvên dzou','meskipun',NULL),(3088,69,'except','ikˈsèpt','kecuali',NULL),(3089,69,'if','if','jika',NULL),(3090,69,'if only','if ˈounli','seandainya',NULL),(3091,69,'if then','if dzèn','jika maka',NULL),(3092,69,'in case','in ˈkeis','kalau-kalau',NULL),(3093,69,'in order that','in ˈɔːrdêr dzèt','agar',NULL),(3094,69,'in order to','in ˈɔːrdêr tuː','untuk',NULL),(3095,69,'inasmuch','inêzˈmach','sejauh',NULL),(3096,69,'just as','djast èz','seperti',NULL),(3097,69,'now that','nau dzèt','sekarang karena',NULL),(3098,69,'provided','prêˈvaidid','asalkan',NULL),(3099,69,'since','sins','karena',NULL),(3100,69,'since','sins','sejak',NULL),(3101,69,'so','sêu','sehingga',NULL),(3102,69,'so that','sou dzèt','agar',NULL),(3103,69,'supposing','sêˈpêuzing','seandainya',NULL),(3104,69,'though','dzêu','meskipun',NULL),(3105,69,'till','til','sampai',NULL),(3106,69,'unless','ênˈlès','kecuali',NULL),(3107,69,'until','ênˈtil','sampai',NULL),(3108,69,'when','ʍèn','ketika',NULL),(3109,69,'whenever','wêˈnèvê','kapan saja',NULL),(3110,69,'where','wèê(r)','di mana',NULL),(3111,69,'whereas','weêrˈèz','sedangkan',NULL),(3112,69,'wherever','wèêˈrèvê','di mana saja',NULL),(3113,69,'whether','wèdzê(r)','apakah',NULL),(3114,69,'while','wail','sementara',NULL),(3115,70,'both … and …','bouθ ênd','baik … maupun …',NULL),(3116,70,'either … or …','iːdzêr ɔːr','baik … atau …',NULL),(3117,70,'neither … nor …','niːdzêr nɔːr','tidak … maupun …',NULL),(3118,70,'not only … but also …','nɑːt ˈounli bat ˈɔːlsou','tidak hanya … tetapi juga …',NULL),(3119,70,'whether … or …','wèdzêr ɔːr','apakah … atau …',NULL),(3120,71,'how','hèŏ','bagaimana',NULL),(3121,71,'what','wɔt','apa',NULL),(3122,71,'whatever','wɒtˈèvê','apa saja',NULL),(3123,71,'which','wich','yang',NULL),(3124,71,'whichever','wichˈèvê','mana saja',NULL),(3125,71,'who','huː','siapa',NULL),(3126,71,'whoever','huˈèvê','siapa saja',NULL),(3127,71,'whose','huːz','yang',NULL),(3128,71,'why','wai','mengapa',NULL);
/*!40000 ALTER TABLE `words` ENABLE KEYS */;
UNLOCK TABLES;

--
-- Dumping events for database 'mxyajrbo_kamus'
--

--
-- Dumping routines for database 'mxyajrbo_kamus'
--

--
-- Final view structure for view `view_progress`
--

/*!50001 DROP VIEW IF EXISTS `view_progress`*/;
/*!50001 SET @saved_cs_client          = @@character_set_client */;
/*!50001 SET @saved_cs_results         = @@character_set_results */;
/*!50001 SET @saved_col_connection     = @@collation_connection */;
/*!50001 SET character_set_client      = utf8mb4 */;
/*!50001 SET character_set_results     = utf8mb4 */;
/*!50001 SET collation_connection      = utf8mb4_unicode_ci */;
/*!50001 CREATE ALGORITHM=UNDEFINED */
/*!50013 DEFINER=`mxyajrbo_kamus`@`localhost` SQL SECURITY DEFINER */
/*!50001 VIEW `view_progress` AS select `c`.`category_name` AS `kategori`,`s`.`subcategory_name` AS `subkategori`,count(`w`.`word_id`) AS `total_kata`,(select count(0) from (`user_words` `uw` join `words` `w2` on(`uw`.`word_id` = `w2`.`word_id`)) where `w2`.`subcategory_id` = `s`.`subcategory_id` and `uw`.`user_id` = 1 and `uw`.`status` = 'memorized') AS `jumlah_hafalan` from ((`categories` `c` join `subcategories` `s` on(`c`.`category_id` = `s`.`category_id`)) join `words` `w` on(`s`.`subcategory_id` = `w`.`subcategory_id`)) group by `c`.`category_id`,`s`.`subcategory_id` order by `c`.`category_name`,`s`.`subcategory_name` */;
/*!50001 SET character_set_client      = @saved_cs_client */;
/*!50001 SET character_set_results     = @saved_cs_results */;
/*!50001 SET collation_connection      = @saved_col_connection */;
/*!40103 SET TIME_ZONE=@OLD_TIME_ZONE */;

/*!40101 SET SQL_MODE=@OLD_SQL_MODE */;
/*!40014 SET FOREIGN_KEY_CHECKS=@OLD_FOREIGN_KEY_CHECKS */;
/*!40014 SET UNIQUE_CHECKS=@OLD_UNIQUE_CHECKS */;
/*!40101 SET CHARACTER_SET_CLIENT=@OLD_CHARACTER_SET_CLIENT */;
/*!40101 SET CHARACTER_SET_RESULTS=@OLD_CHARACTER_SET_RESULTS */;
/*!40101 SET COLLATION_CONNECTION=@OLD_COLLATION_CONNECTION */;
/*!40111 SET SQL_NOTES=@OLD_SQL_NOTES */;

-- Dump completed on 2026-06-24 20:31:34
