[
  { "word": "Book", "ipa": "/bʊk/", "translation": "Buku" },
  { "word": "Run", "ipa": "/rʌn/", "translation": "Berlari" },
  { "word": "Beautiful", "ipa": "/ˈbjuː.tɪ.fəl/", "translation": "Cantik" },
  { "word": "Quickly", "ipa": "/ˈkwɪk.li/", "translation": "Dengan cepat" },
  { "word": "Chair", "ipa": "/tʃer/", "translation": "Kursi" },
  { "word": "Eat", "ipa": "/iːt/", "translation": "Makan" },
  { "word": "Happy", "ipa": "/ˈhæp.i/", "translation": "Bahagia" },
  { "word": "Slowly", "ipa": "/ˈsləʊ.li/", "translation": "Dengan pelan" },
  { "word": "Dog", "ipa": "/dɔːɡ/", "translation": "Anjing" },
  { "word": "Drink", "ipa": "/drɪŋk/", "translation": "Minum" }
]
